run_ts_utc,signal_date,rules_mode,miner,yahoo_ticker,close,pct_change,return_gold_t,return_gdx_t,return_zar_t,forward_horizon_days,gold_contrib,gdx_contrib,signal,signal_high_conv,regime_pass,filter_note,pred_abs_gte,alpha,beta_gold,beta_gdx,n_train,train_end,pred_return_fwd,realized_date,hold_exit_date,realized_day_high,realized_day_high_pct,price_currency,predicted_direction,predicted_direction_forecast,predicted_direction_hiconv,actual_direction,direction_match,realized_return_log,realized_return_pct,pred_return_pct,error_log,error_pct,hit_direction,hit_high_conv
2026-06-08T09:04:40.908887+00:00,2026-05-20,dashboard,GFI,GFI.JO,,,0.0055324565918706,0.0303303117655842,0.0074428965863861,1,-0.0038804528838423,0.0192608647855026,LONG,LONG,gdx_up,Filters OK,0.005,0.0008169809025479,-0.7013978003088636,0.6350368217236038,3450,2026-05-19,0.0161973928042082,2026-05-21,2026-05-21,668.6,0.15,ZAR,LONG,LONG,LONG,SHORT,0.0,-0.017695297578193724,-1.7539655198238524,1.6197392804208202,-0.033892690382401926,-3.3737048002446723,0.0,0.0
2026-06-08T09:04:40.908887+00:00,2026-05-20,dashboard,SSW,SSW.JO,,,0.0055324565918706,0.0303303117655842,0.0074428965863861,1,-0.0027268374920111,0.0161120690957783,LONG,LONG,gdx_up,Filters OK,0.005,0.0001123628062891,-0.4928800518774865,0.5312200290028253,1516,2026-05-19,0.0134975944100564,2026-05-21,2026-05-21,48.88,0.97,ZAR,LONG,LONG,LONG,SHORT,0.0,-0.015823773851391894,-1.569923569510434,1.34975944100564,-0.029321368261448294,-2.9196830105160743,0.0,0.0
2026-06-08T09:04:40.908887+00:00,2026-05-20,dashboard,HAR,HAR.JO,,,0.0055324565918706,0.0303303117655842,0.0074428965863861,1,-0.0038486172800161,0.0198150047828279,LONG,LONG,gdx_up,Filters OK,0.005,0.000552805511094,-0.6956434661722057,0.6533069932143587,3450,2026-05-19,0.0165191930139057,2026-05-21,2026-05-21,288.45,1.43,ZAR,LONG,LONG,LONG,SHORT,0.0,-0.019278817676691054,-1.9094169772839176,1.6519193013905702,-0.03579801069059675,-3.5613362786744878,0.0,0.0
2026-06-08T09:04:40.908887+00:00,2026-05-20,dashboard,PAN,PAN.JO,,,0.0055324565918706,0.0303303117655842,0.0074428965863861,1,6.571061287227466e-06,0.0077597659651684,LONG,LONG,gdx_up,Filters OK,0.005,0.0020896187521942,0.001187729388945,0.2558419453496496,3450,2026-05-19,0.0098559557786499,2026-05-21,2026-05-21,30.75,-0.06,ZAR,LONG,LONG,LONG,SHORT,0.0,-0.014732628559779566,-1.4624634384140411,0.98559557786499,-0.024588584338429465,-2.448059016279031,0.0,0.0
2026-06-08T09:04:40.908887+00:00,2026-05-20,dashboard,ANG,AU,,,0.0055324565918706,0.0303303117655842,0.0074428965863861,1,-0.0006219593530939,0.0002179874375801,SHORT,FLAT,|forecast| 0.01% < 0.5%,|forecast| 0.01% < 0.5%,0.005,0.0003165407629323,-0.112420105384622,0.0071871149648878,3522,2026-05-19,-8.743115258147633e-05,2026-05-21,2026-05-21,93.47,0.72,USD,SHORT,SHORT,FLAT,SHORT,1.0,-0.010289877629067355,-1.023711795684823,-0.008743115258147633,-0.010202446476485879,-1.0149686804266753,1.0,
2026-06-08T09:04:40.908887+00:00,2026-05-20,dashboard,DRD,DRD.JO,,,0.0055324565918706,0.0303303117655842,0.0074428965863861,1,-0.0031382520941993,0.0167069027382236,LONG,LONG,gdx_up,Filters OK,0.005,0.0007009363786111,-0.5672438711603691,0.5508318828816314,3450,2026-05-19,0.0142695870226353,2026-05-21,2026-05-21,43.89,0.48,ZAR,LONG,LONG,LONG,SHORT,0.0,-0.016388133649745916,-1.6254578754578808,1.42695870226353,-0.030657720672381216,-3.0524165777214107,0.0,0.0
2026-06-08T09:04:40.940645+00:00,2026-05-21,dashboard,ANG,AU,,,0.0018740842574409,-0.0042936271341051,-0.0144134523997485,1,-0.0002103723447902,-3.00361775672332e-05,LONG,FLAT,GDX -0.43% (need >0.5%),GDX -0.43% (need >0.5%),0.005,0.0003136380063422,-0.1122534080071388,0.0069955253749561,3523,2026-05-20,7.322948398471618e-05,2026-05-22,2026-05-22,91.39,-0.5,USD,LONG,LONG,FLAT,SHORT,0.0,-0.013261185062456623,-1.3173642945825126,0.007322948398471618,-0.01333441454644134,-1.3246872429809842,0.0,
2026-06-08T09:04:40.940645+00:00,2026-05-21,dashboard,GFI,GFI.JO,,,0.0018740842574409,-0.0042936271341051,-0.0144134523997485,1,-0.001313428831805,-0.0027238482719062,SHORT,FLAT,GDX -0.43% (need >0.5%),GDX -0.43% (need >0.5%),0.005,0.0008071434598167,-0.7008376632961609,0.6343932965837147,3451,2026-05-20,-0.0032301336438945,2026-05-22,2026-05-22,662.33,0.98,ZAR,SHORT,SHORT,FLAT,SHORT,1.0,-0.02585272543676104,-2.552140504939626,-0.32301336438945,-0.02262259179286654,-2.229127140550176,1.0,
2026-06-08T09:04:40.940645+00:00,2026-05-21,dashboard,SSW,SSW.JO,,,0.0018740842574409,-0.0042936271341051,-0.0144134523997485,1,-0.0009211941613963,-0.0022753896144972,SHORT,FLAT,GDX -0.43% (need >0.5%),GDX -0.43% (need >0.5%),0.005,9.303534000580394e-05,-0.4915436206983678,0.5299457878918503,1517,2026-05-20,-0.0031035484358877,2026-05-22,2026-05-22,48.64,2.08,ZAR,SHORT,SHORT,FLAT,SHORT,1.0,-0.01906837436551507,-1.8887722980062915,-0.31035484358876997,-0.01596482592962737,-1.5784174544175216,1.0,
2026-06-08T09:04:40.940645+00:00,2026-05-21,dashboard,DRD,DRD.JO,,,0.0018740842574409,-0.0042936271341051,-0.0144134523997485,1,-0.0010621132604619,-0.0023625673883191,SHORT,FLAT,GDX -0.43% (need >0.5%),GDX -0.43% (need >0.5%),0.005,0.0006920378943662,-0.5667371977779989,0.5502497805533191,3451,2026-05-20,-0.0027326427544148,2026-05-22,2026-05-22,43.7,1.7,ZAR,SHORT,SHORT,FLAT,SHORT,1.0,-0.011468820853220377,-1.1403304631138034,-0.27326427544148,-0.008736178098805577,-0.8670661876723234,1.0,
2026-06-08T09:04:40.940645+00:00,2026-05-21,dashboard,HAR,HAR.JO,,,0.0018740842574409,-0.0042936271341051,-0.0144134523997485,1,-0.0013025857121078,-0.0028021382472318,SHORT,FLAT,GDX -0.43% (need >0.5%),GDX -0.43% (need >0.5%),0.005,0.0005424150441205,-0.6950518403513377,0.6526272914976317,3451,2026-05-20,-0.003562308915219,2026-05-22,2026-05-22,285.41,2.32,ZAR,SHORT,SHORT,FLAT,SHORT,1.0,-0.015862737991939855,-1.5737587381251084,-0.3562308915219,-0.012300429076720855,-1.2175278466032085,1.0,
2026-06-08T09:04:40.940645+00:00,2026-05-21,dashboard,PAN,PAN.JO,,,0.0018740842574409,-0.0042936271341051,-0.0144134523997485,1,2.987476767972565e-06,-0.0010964853666003,LONG,FLAT,GDX -0.43% (need >0.5%),GDX -0.43% (need >0.5%),0.005,0.0020824818507697,0.0015940994947857,0.2553750785415701,3451,2026-05-20,0.0009889839609373,2026-05-22,2026-05-22,30.7,1.25,ZAR,LONG,LONG,FLAT,SHORT,0.0,-0.012612181782688593,-1.253298153034299,0.09889839609373,-0.013601165743625892,-1.352196549128029,0.0,
2026-06-08T09:04:40.975733+00:00,2026-05-22,dashboard,DRD,DRD.JO,,,-0.0041497068847249,-0.0113445021334301,-0.0012451302289475,1,0.0023522961479777,-0.006242918367992,SHORT,FLAT,GDX -1.13% (need >0.5%),GDX -1.13% (need >0.5%),0.005,0.0006895289566234,-0.5668583862239781,0.5503034240343844,3452,2026-05-21,-0.0032010932633908,2026-05-25,2026-05-25,44.79,5.44,ZAR,SHORT,SHORT,FLAT,LONG,0.0,0.04712974239992765,4.8258003766478375,-0.32010932633908,0.050330835663318446,5.145909702986917,0.0,
2026-06-08T09:04:40.975733+00:00,2026-05-22,dashboard,GFI,GFI.JO,,,-0.0041497068847249,-0.0113445021334301,-0.0012451302289475,1,0.0029095731419021,-0.007198451986999,SHORT,FLAT,GDX -1.13% (need >0.5%),GDX -1.13% (need >0.5%),0.005,0.0008006464912629,-0.7011514843644127,0.6345322079658728,3452,2026-05-21,-0.0034882323538339,2026-05-25,2026-05-25,672.0,5.13,ZAR,SHORT,SHORT,FLAT,LONG,0.0,0.04558300748224037,4.663787978347256,-0.34882323538339,0.04907123983607427,5.012611213730645,0.0,
2026-06-08T09:04:40.975733+00:00,2026-05-22,dashboard,ANG,AU,,,-0.0041497068847249,-0.0113445021334301,-0.0012451302289475,1,0.0004665732890884,-8.027573586859353e-05,LONG,FLAT,GDX -1.13% (need >0.5%),GDX -1.13% (need >0.5%),0.005,0.0003098880798263,-0.1124352398975238,0.0070761797145804,3524,2026-05-21,0.0006961856330462,2026-05-26,2026-05-26,97.62,7.7,USD,LONG,LONG,FLAT,LONG,1.0,0.07285417674292481,7.557368182091362,0.06961856330462,0.07215799110987861,7.487749618786742,1.0,
2026-06-08T09:04:40.975733+00:00,2026-05-22,dashboard,HAR,HAR.JO,,,-0.0041497068847249,-0.0113445021334301,-0.0012451302289475,1,0.0028849694791449,-0.0074045885435771,SHORT,FLAT,GDX -1.13% (need >0.5%),GDX -1.13% (need >0.5%),0.005,0.0005388824912794,-0.695222472161704,0.6527028208454546,3452,2026-05-21,-0.0039807365731527,2026-05-25,2026-05-25,296.95,8.15,ZAR,SHORT,SHORT,FLAT,LONG,0.0,0.0691919581169995,7.164189976689972,-0.39807365731527,0.07317269469015221,7.562263634005242,0.0,
2026-06-08T09:04:40.975733+00:00,2026-05-22,dashboard,PAN,PAN.JO,,,-0.0041497068847249,-0.0113445021334301,-0.0012451302289475,1,-5.8320969767950095e-06,-0.0028980505749703,SHORT,FLAT,GDX -1.13% (need >0.5%),GDX -1.13% (need >0.5%),0.005,0.0020785757401462,0.0014054238380698,0.2554585949109459,3452,2026-05-21,-0.0008253069318008,2026-05-25,2026-05-25,31.42,4.94,ZAR,SHORT,SHORT,FLAT,LONG,0.0,0.04506149213111999,4.609218436873741,-0.08253069318008,0.04588679906292079,4.691749130053821,0.0,
2026-06-08T09:04:40.975733+00:00,2026-05-22,dashboard,SSW,SSW.JO,,,-0.0041497068847249,-0.0113445021334301,-0.0012451302289475,1,0.0020415404946843,-0.0060144310761677,SHORT,FLAT,GDX -1.13% (need >0.5%),GDX -1.13% (need >0.5%),0.005,8.265357879974097e-05,-0.4919722166881837,0.5301626290363388,1518,2026-05-21,-0.0038902370026836,2026-05-25,2026-05-25,50.27,7.53,ZAR,SHORT,SHORT,FLAT,LONG,0.0,0.061995182640562606,6.3957219251336905,-0.38902370026836,0.0658854196432462,6.78474562540205,0.0,
2026-06-08T09:04:41.006931+00:00,2026-05-26,dashboard,HAR,HAR.JO,,,-0.0045669482971497,0.0401160685672863,-0.0022672263650465,1,0.0031767640647075,0.0261722538796742,LONG,LONG,gdx_up,Filters OK,0.005,0.0005602360820443,-0.6955988677800715,0.6524132302689574,3453,2026-05-22,0.0299092540264261,2026-05-27,2026-05-27,300.26,2.97,ZAR,LONG,LONG,LONG,SHORT,0.0,-0.00729653899718935,-0.7269983882582931,2.99092540264261,-0.03720579302361545,-3.7179237909009033,0.0,0.0
2026-06-08T09:04:41.006931+00:00,2026-05-26,dashboard,DRD,DRD.JO,,,-0.0045669482971497,0.0401160685672863,-0.0022672263650465,1,0.0025899953180736,0.0220680191351323,LONG,LONG,gdx_up,Filters OK,0.005,0.0007042167315121,-0.5671172847938978,0.5501042331233885,3453,2026-05-22,0.0253622311847181,2026-05-27,2026-05-27,44.65,1.87,ZAR,LONG,LONG,LONG,SHORT,0.0,-0.014709527458108062,-1.4601870864704547,2.5362231184718103,-0.040071758642826166,-3.996410204942265,0.0,0.0
2026-06-08T09:04:41.006931+00:00,2026-05-26,dashboard,ANG,AU,,,-0.0045669482971497,0.0401160685672863,-0.0022672263650465,1,0.0005151589477378,0.0002725489239692,LONG,FLAT,|forecast| 0.11% < 0.5%,|forecast| 0.11% < 0.5%,0.005,0.0003305162144565,-0.1128015721262684,0.006794008827462,3525,2026-05-22,0.0011182240861636,2026-05-27,2026-05-27,96.41,-1.11,USD,LONG,LONG,FLAT,SHORT,0.0,-0.030938369925760236,-3.0464676231230836,0.11182240861636,-0.03205659401192384,-3.1582900317394436,0.0,
2026-06-08T09:04:41.006931+00:00,2026-05-26,dashboard,PAN,PAN.JO,,,-0.0045669482971497,0.0401160685672863,-0.0022672263650465,1,-5.340521316601511e-06,0.0102407093091104,LONG,LONG,gdx_up,Filters OK,0.005,0.0020919666359285,0.0011693851055713,0.255276991860101,3453,2026-05-22,0.0123273354237223,2026-05-27,2026-05-27,30.74,-0.84,ZAR,LONG,LONG,LONG,SHORT,0.0,-0.030791820160317767,-3.0322580645161246,1.23273354237223,-0.043119155584040066,-4.264991606888355,0.0,0.0
2026-06-08T09:04:41.006931+00:00,2026-05-26,dashboard,SSW,SSW.JO,,,-0.0045669482971497,0.0401160685672863,-0.0022672263650465,1,0.0022493297203971,0.0212446004759454,LONG,LONG,gdx_up,Filters OK,0.005,0.0001267980468119,-0.4925235789949653,0.5295783269567416,1519,2026-05-22,0.0236207282431545,2026-05-27,2026-05-27,50.12,1.77,ZAR,LONG,LONG,LONG,SHORT,0.0,-0.006518662317065651,-0.6497461928933967,2.36207282431545,-0.03013939056022015,-3.011819017208847,0.0,0.0
2026-06-08T09:04:41.006931+00:00,2026-05-26,dashboard,GFI,GFI.JO,,,-0.0045669482971497,0.0401160685672863,-0.0022672263650465,1,0.00320327536341,0.025447146785926,LONG,LONG,gdx_up,Filters OK,0.005,0.0008149666851306,-0.7014039036547006,0.6343380020712593,3453,2026-05-22,0.0294653888344667,2026-05-27,2026-05-27,674.55,1.63,ZAR,LONG,LONG,LONG,SHORT,0.0,-0.021396157972590514,-2.11688840005424,2.94653888344667,-0.05086154680705721,-5.06342728350091,0.0,0.0
2026-06-08T09:04:41.047410+00:00,2026-05-27,dashboard,ANG,AU,,,-0.011824119457465,-0.0351881482274878,0.0031353767322652,1,0.0013045995744599,-0.0001929619553493,LONG,FLAT,GDX -3.52% (need >0.5%),GDX -3.52% (need >0.5%),0.005,0.0003210248680583,-0.1103337613555932,0.005483720089557,3526,2026-05-26,0.0014326624871689,2026-05-28,2026-05-28,98.06,3.75,USD,LONG,LONG,FLAT,LONG,1.0,0.01876071342019895,1.893780130237288,0.14326624871689,0.01732805093303005,1.750513881520398,1.0,
2026-06-08T09:04:41.047410+00:00,2026-05-27,dashboard,DRD,DRD.JO,,,-0.011824119457465,-0.0351881482274878,0.0031353767322652,1,0.0066686546842767,-0.019298790144577,SHORT,FLAT,GDX -3.52% (need >0.5%),GDX -3.52% (need >0.5%),0.005,0.0006921312324578,-0.5639874248789456,0.5484457442833391,3454,2026-05-26,-0.0119380042278424,2026-05-28,2026-05-28,43.04,-0.35,ZAR,SHORT,SHORT,FLAT,SHORT,1.0,-0.003479071119080799,-0.3473026163463788,-1.19380042278424,0.0084589331087616,0.8464978064378612,1.0,
2026-06-08T09:04:41.047410+00:00,2026-05-27,dashboard,SSW,SSW.JO,,,-0.011824119457465,-0.0351881482274878,0.0031353767322652,1,0.0057628760929504,-0.0185356932622151,SHORT,FLAT,GDX -3.52% (need >0.5%),GDX -3.52% (need >0.5%),0.005,0.000105584305579,-0.4873831082036353,0.5267595538811459,1520,2026-05-26,-0.0126672328636856,2026-05-28,2026-05-28,49.41,0.98,ZAR,SHORT,SHORT,FLAT,LONG,0.0,0.009762127556626365,0.9809932556713585,-1.26672328636856,0.022429360420311965,2.2477165420399183,0.0,
2026-06-08T09:04:41.047410+00:00,2026-05-27,dashboard,GFI,GFI.JO,,,-0.011824119457465,-0.0351881482274878,0.0031353767322652,1,0.0082465109155428,-0.02224710661029,SHORT,FLAT,GDX -3.52% (need >0.5%),GDX -3.52% (need >0.5%),0.005,0.0007996270245652,-0.6974312924702812,0.6322329457766502,3454,2026-05-26,-0.0132009686701818,2026-05-28,2026-05-28,649.11,-0.08,ZAR,SHORT,SHORT,FLAT,SHORT,1.0,-0.0008469552466992239,-0.08465966813410164,-1.3200968670181799,0.012354013423482576,1.2354371988840782,1.0,
2026-06-08T09:04:41.047410+00:00,2026-05-27,dashboard,HAR,HAR.JO,,,-0.011824119457465,-0.0351881482274878,0.0031353767322652,1,0.008190483101013,-0.0229030281963327,SHORT,FLAT,GDX -3.52% (need >0.5%),GDX -3.52% (need >0.5%),0.005,0.0005490149479681,-0.6926928580581975,0.6508733579348065,3454,2026-05-26,-0.0141635301473515,2026-05-28,2026-05-28,297.9,2.91,ZAR,SHORT,SHORT,FLAT,LONG,0.0,0.0286371056171211,2.9051089847663025,-1.41635301473515,0.0428006357644726,4.3214619995014525,0.0,
2026-06-08T09:04:41.047410+00:00,2026-05-27,dashboard,PAN,PAN.JO,,,-0.011824119457465,-0.0351881482274878,0.0031353767322652,1,-5.3649177050207415e-05,-0.0089199273518832,SHORT,FLAT,GDX -3.52% (need >0.5%),GDX -3.52% (need >0.5%),0.005,0.0020789620528584,0.0045372661569599,0.253492377439609,3454,2026-05-26,-0.006894614476075,2026-05-28,2026-05-28,30.04,-0.07,ZAR,SHORT,SHORT,FLAT,SHORT,1.0,-0.0016647248725527289,-0.1663339986693324,-0.6894614476075,0.005229889603522271,0.5231274489381676,1.0,
2026-06-08T09:04:41.078420+00:00,2026-05-28,dashboard,GFI,GFI.JO,,,0.0115796451533132,0.0201605465243757,0.0004729436799189,1,-0.0080772708796645,0.012742646917641,LONG,LONG,gdx_up,Filters OK,0.005,0.0008032683017711,-0.6975404490139708,0.6320586052681725,3455,2026-05-27,0.0054686443397476,2026-05-29,2026-05-29,658.54,1.45,ZAR,LONG,LONG,LONG,SHORT,0.0,-0.011839776298900694,-1.1769961947897922,0.5468644339747599,-0.017308420638648292,-1.7238606287645521,0.0,0.0
2026-06-08T09:04:41.078420+00:00,2026-05-28,dashboard,DRD,DRD.JO,,,0.0115796451533132,0.0201605465243757,0.0004729436799189,1,-0.0065316397220857,0.011054559320342,LONG,LONG,gdx_up,Filters OK,0.005,0.0006946244562596,-0.5640621656024497,0.5483263713598358,3455,2026-05-27,0.0052175440545159,2026-05-29,2026-05-29,43.99,2.21,ZAR,LONG,LONG,LONG,LONG,1.0,0.009480935857872148,0.9526022304832793,0.52175440545159,0.004263391803356248,0.4308478250316893,1.0,1.0
2026-06-08T09:04:41.078420+00:00,2026-05-28,dashboard,SSW,SSW.JO,,,0.0115796451533132,0.0201605465243757,0.0004729436799189,1,-0.0056456373237363,0.0106052478405785,LONG,LONG,gdx_up,Filters OK,0.005,0.0001209373574193,-0.4875483876223076,0.5260396997549603,1521,2026-05-27,0.0050805478742615,2026-05-29,2026-05-29,51.2,3.62,ZAR,LONG,LONG,LONG,SHORT,0.0,-0.012422519998557209,-1.2345679012345734,0.5080547874261501,-0.01750306787281871,-1.7426226886607235,0.0,0.0
2026-06-08T09:04:41.078420+00:00,2026-05-28,dashboard,PAN,PAN.JO,,,0.0115796451533132,0.0201605465243757,0.0004729436799189,1,5.200483880513661e-05,0.0051090569301688,LONG,LONG,gdx_up,Filters OK,0.005,0.0020805035339261,0.004491056342107,0.2534185729534468,3455,2026-05-27,0.0072415653029001,2026-05-29,2026-05-29,30.43,1.4,ZAR,LONG,LONG,LONG,SHORT,0.0,-0.006351350115683389,-0.6331222925691438,0.72415653029001,-0.013592915418583488,-1.3572788228591537,0.0,0.0
2026-06-08T09:04:41.078420+00:00,2026-05-28,dashboard,ANG,AU,,,0.0115796451533132,0.0201605465243757,0.0004729436799189,1,-0.0012793675359132,0.0001056773319012,SHORT,FLAT,|forecast| 0.08% < 0.5%,|forecast| 0.08% < 0.5%,0.005,0.0003260275287645,-0.1104841745126499,0.0052417890444318,3527,2026-05-27,-0.0008476626752474,2026-05-29,2026-05-29,98.93,2.72,USD,SHORT,SHORT,FLAT,LONG,0.0,0.005487964030459996,0.5503050490416994,-0.08476626752474,0.006335626705707396,0.6350713165664394,0.0,
2026-06-08T09:04:41.078420+00:00,2026-05-28,dashboard,HAR,HAR.JO,,,0.0115796451533132,0.0201605465243757,0.0004729436799189,1,-0.0080255166198946,0.0131097855452993,LONG,LONG,gdx_up,Filters OK,0.005,0.0005616301989043,-0.6930710322844671,0.6502693530380541,3455,2026-05-27,0.0056458991243091,2026-05-29,2026-05-29,323.83,8.7,ZAR,LONG,LONG,LONG,SHORT,0.0,-0.006026852807766863,-0.6008727760993593,0.56458991243091,-0.011672751932075964,-1.1654626885302692,0.0,0.0
2026-06-08T09:04:41.106133+00:00,2026-05-29,dashboard,GFI,GFI.JO,,,0.013510480926909,0.0261519130128311,-0.0092221832732102,1,-0.0094302831362377,0.0165287498002451,LONG,LONG,gdx_up,Filters OK,0.005,0.0007983902379196,-0.6979975907042084,0.6320283258871151,3456,2026-05-28,0.0078968569019271,2026-06-01,2026-06-01,644.75,0.51,ZAR,LONG,LONG,LONG,SHORT,0.0,-0.057344584480092546,-5.5731367016384254,0.78968569019271,-0.06524144138201965,-6.362822391831135,0.0,0.0
2026-06-08T09:04:41.106133+00:00,2026-05-29,dashboard,PAN,PAN.JO,,,0.013510480926909,0.0261519130128311,-0.0092221832732102,1,5.5825939354327885e-05,0.0066267585970889,LONG,LONG,gdx_up,Filters OK,0.005,0.0020766726177077,0.0041320467906614,0.2533947934836591,3456,2026-05-28,0.008759257154151,2026-06-01,2026-06-01,29.74,-0.27,ZAR,LONG,LONG,LONG,SHORT,0.0,-0.17590356444706462,-16.130114017437958,0.8759257154151,-0.1846628216012156,-17.006039732853058,0.0,0.0
2026-06-08T09:04:41.106133+00:00,2026-05-29,dashboard,ANG,AU,,,0.013510480926909,0.0261519130128311,-0.0092221832732102,1,-0.0014904730817476,0.0001373764145301,SHORT,FLAT,|forecast| 0.10% < 0.5%,|forecast| 0.10% < 0.5%,0.005,0.0003277758892916,-0.1103197650632136,0.0052530158869357,3528,2026-05-28,-0.0010253207779258,2026-06-01,2026-06-01,93.11,-3.85,USD,SHORT,SHORT,FLAT,SHORT,1.0,-0.05040230995467146,-4.915318759645071,-0.10253207779258001,-0.049376989176745656,-4.812786681852491,1.0,
2026-06-08T09:04:41.106133+00:00,2026-05-29,dashboard,SSW,SSW.JO,,,0.013510480926909,0.0261519130128311,-0.0092221832732102,1,-0.0065972196888157,0.0137548280753611,LONG,LONG,gdx_up,Filters OK,0.005,0.0001099938371483,-0.4883038379245173,0.5259587728290657,1522,2026-05-28,0.0072676022236938,2026-06-01,2026-06-01,49.01,0.43,ZAR,LONG,LONG,LONG,SHORT,0.0,-0.04398614818424989,-4.303278688524593,0.72676022236938,-0.051253750407943686,-5.030038910893973,0.0,0.0
2026-06-08T09:04:41.106133+00:00,2026-05-29,dashboard,HAR,HAR.JO,,,0.013510480926909,0.0261519130128311,-0.0092221832732102,1,-0.0093678881779565,0.017005253524803,LONG,LONG,gdx_up,Filters OK,0.005,0.0005583404458739,-0.6933793274004321,0.6502489327055978,3456,2026-05-28,0.0081957057927204,2026-06-01,2026-06-01,295.03,-0.36,ZAR,LONG,LONG,LONG,SHORT,0.0,-0.055905690094245765,-5.437168619769683,0.81957057927204,-0.06410139588696617,-6.256739199041723,0.0,0.0
2026-06-08T09:04:41.106133+00:00,2026-05-29,dashboard,DRD,DRD.JO,,,0.013510480926909,0.0261519130128311,-0.0092221832732102,1,-0.0076192298139266,0.0143399786174797,LONG,LONG,gdx_up,Filters OK,0.005,0.0006958260157707,-0.5639495629464466,0.5483338297448453,3456,2026-05-28,0.0074165748193237,2026-06-01,2026-06-01,42.93,-1.2,ZAR,LONG,LONG,LONG,SHORT,0.0,-0.043991569281534186,-4.303797468354431,0.7416574819323699,-0.05140814410085789,-5.045454950286801,0.0,0.0
2026-06-08T09:04:41.152353+00:00,2026-06-01,dashboard,DRD,DRD.JO,,,-0.0188811795292185,-0.0319036831347263,0.0006612699056165,1,0.010674563093859,-0.0174868255420507,SHORT,FLAT,GDX -3.19% (need >0.5%),GDX -3.19% (need >0.5%),0.005,0.0006813897948038,-0.5653546738083948,0.5481130648209314,3457,2026-05-29,-0.0061308726533877,2026-06-02,2026-06-02,43.48,4.57,ZAR,SHORT,SHORT,FLAT,LONG,0.0,0.012428458258468937,1.2506012506012576,-0.61308726533877,0.018559330911856638,1.8636885159400276,0.0,
2026-06-08T09:04:41.152353+00:00,2026-06-01,dashboard,SSW,SSW.JO,,,-0.0188811795292185,-0.0319036831347263,0.0006612699056165,1,0.0092612505288959,-0.016762956014803,SHORT,FLAT,GDX -3.19% (need >0.5%),GDX -3.19% (need >0.5%),0.005,7.819850523638894e-05,-0.4905016932106498,0.525423849779808,1523,2026-05-29,-0.0074235069806707,2026-06-02,2026-06-02,49.61,6.23,ZAR,SHORT,SHORT,FLAT,LONG,0.0,0.037613426442409344,3.8329764453961523,-0.74235069806707,0.045036933423080044,4.575327143463222,0.0,
2026-06-08T09:04:41.152353+00:00,2026-06-01,dashboard,HAR,HAR.JO,,,-0.0188811795292185,-0.0319036831347263,0.0006612699056165,1,0.0131249003069236,-0.0207365536443711,SHORT,FLAT,GDX -3.19% (need >0.5%),GDX -3.19% (need >0.5%),0.005,0.0005403397587942,-0.6951313760145592,0.6499736584269151,3457,2026-05-29,-0.0070713135786532,2026-06-02,2026-06-02,292.25,4.37,ZAR,SHORT,SHORT,FLAT,LONG,0.0,0.025005270309794325,2.5320524266990496,-0.70713135786532,0.03207658388844752,3.2391837845643696,0.0,
2026-06-08T09:04:41.152353+00:00,2026-06-01,dashboard,GFI,GFI.JO,,,-0.0188811795292185,-0.0319036831347263,0.0006612699056165,1,0.0132126869076345,-0.0201550929850607,SHORT,FLAT,GDX -3.19% (need >0.5%),GDX -3.19% (need >0.5%),0.005,0.0007800694080111,-0.699780799562228,0.6317481558460707,3457,2026-05-29,-0.006162336669415,2026-06-02,2026-06-02,630.12,4.03,ZAR,SHORT,SHORT,FLAT,LONG,0.0,0.026474026976293953,2.682757709832928,-0.6162336669415001,0.03263636364570895,3.298991376774428,0.0,
2026-06-08T09:04:41.152353+00:00,2026-06-01,dashboard,PAN,PAN.JO,,,-0.0188811795292185,-0.0319036831347263,0.0006612699056165,1,1.7280843725617486e-05,-0.0080589273207157,SHORT,FLAT,GDX -3.19% (need >0.5%),GDX -3.19% (need >0.5%),0.005,0.0020248163730675,-0.0009152417463578,0.2526017854015053,3457,2026-05-29,-0.0060168301039226,2026-06-02,2026-06-02,26.13,4.48,ZAR,SHORT,SHORT,FLAT,SHORT,1.0,-0.005211477018549026,-0.5197920831667369,-0.6016830103922599,0.0008053530853735736,0.08189092722552305,1.0,
2026-06-08T09:04:41.152353+00:00,2026-06-01,dashboard,ANG,AU,,,-0.0188811795292185,-0.0319036831347263,0.0006612699056165,1,0.0021079986450793,-0.0001608305998181,LONG,FLAT,GDX -3.19% (need >0.5%),GDX -3.19% (need >0.5%),0.005,0.0003141984859131,-0.1116454955484788,0.0050411295504349,3529,2026-05-29,0.0022613665311743,2026-06-02,2026-06-02,92.63,0.6,USD,LONG,LONG,FLAT,SHORT,0.0,-0.0025009892506953845,-0.24978643827092695,0.22613665311743003,-0.004762355781869685,-0.475923091388357,0.0,
2026-06-08T09:04:41.174708+00:00,2026-06-02,dashboard,PAN,PAN.JO,,,0.0031011708732169,0.0156816894127116,0.0038754667117952,1,-2.955575747698981e-06,0.0039612036039525,LONG,LONG,gdx_up,Filters OK,0.005,0.0020250596917,-0.0009530515629514,0.2526005648818442,3458,2026-06-01,0.0059833077199049,2026-06-03,2026-06-03,25.5,2.49,ZAR,LONG,LONG,LONG,SHORT,0.0,-0.003220614700042172,-0.3215434083601254,0.59833077199049,-0.009203922419947072,-0.9198741803506154,0.0,0.0
2026-06-08T09:04:41.174708+00:00,2026-06-02,dashboard,HAR,HAR.JO,,,0.0031011708732169,0.0156816894127116,0.0038754667117952,1,-0.002160391339482,0.0101919227142129,LONG,LONG,gdx_up,Filters OK,0.005,0.0005500309497362,-0.6966373114555411,0.6499250460828134,3458,2026-06-01,0.0085815623244671,2026-06-03,2026-06-03,288.07,0.34,ZAR,LONG,LONG,LONG,SHORT,0.0,-0.016081242586296757,-1.5952629745733193,0.85815623244671,-0.024662804910763857,-2.4534192070200294,0.0,0.0
2026-06-08T09:04:41.174708+00:00,2026-06-02,dashboard,GFI,GFI.JO,,,0.0031011708732169,0.0156816894127116,0.0038754667117952,1,-0.002174891497026,0.0099061027397706,LONG,LONG,gdx_up,Filters OK,0.005,0.0007899297233378,-0.7013130156127207,0.6316986951508394,3458,2026-06-01,0.0085211409660823,2026-06-03,2026-06-03,628.5,1.05,ZAR,LONG,LONG,LONG,LONG,1.0,0.005931215489964707,0.5948839976204656,0.8521140966082299,-0.0025899254761175923,-0.2572300989877643,1.0,1.0
2026-06-08T09:04:41.174708+00:00,2026-06-02,dashboard,ANG,AU,,,0.0031011708732169,0.0156816894127116,0.0038754667117952,1,-0.0003455492826216,7.916853464459224e-05,LONG,FLAT,|forecast| 0.00% < 0.5%,|forecast| 0.00% < 0.5%,0.005,0.0003127878385859,-0.1114254250244447,0.0050484697509962,3530,2026-06-01,4.6407090608909215e-05,2026-06-03,2026-06-03,92.15,0.33,USD,LONG,LONG,FLAT,SHORT,0.0,-0.022015198801354573,-2.177463291481163,0.0046407090608909215,-0.02206160589196348,-2.1821040005420542,0.0,
2026-06-08T09:04:41.174708+00:00,2026-06-02,dashboard,SSW,SSW.JO,,,0.0031011708732169,0.0156816894127116,0.0038754667117952,1,-0.0015328382335803,0.008236769261071,LONG,LONG,gdx_up,Filters OK,0.005,0.0001103533344162,-0.4942772572832444,0.5252475702263484,1524,2026-06-01,0.0068142843619069,2026-06-03,2026-06-03,48.21,-0.58,ZAR,LONG,LONG,LONG,SHORT,0.0,-0.04018632666106601,-3.9389564858733794,0.6814284361906899,-0.047000611022972906,-4.620384922064069,0.0,0.0
2026-06-08T09:04:41.174708+00:00,2026-06-02,dashboard,DRD,DRD.JO,,,0.0031011708732169,0.0156816894127116,0.0038754667117952,1,-0.0017559635775531,0.0085948977693793,LONG,LONG,gdx_up,Filters OK,0.005,0.0006869970633411,-0.5662259995791895,0.5480849379922227,3458,2026-06-01,0.0075259312551674,2026-06-03,2026-06-03,42.78,1.62,ZAR,LONG,LONG,LONG,SHORT,0.0,-0.007390664228511712,-0.7363420427553447,0.75259312551674,-0.014916595483679112,-1.4889351682720846,0.0,0.0
2026-06-08T09:04:41.208354+00:00,2026-06-03,dashboard,DRD,DRD.JO,,,-0.0117413571013589,-0.035253613111271,-0.0024321850711799,1,0.0066468881976884,-0.0193169553882454,SHORT,FLAT,GDX -3.53% (need >0.5%),GDX -3.53% (need >0.5%),0.005,0.0006826840646103,-0.5661090230293031,0.5479425705182427,3459,2026-06-02,-0.0119873831259467,2026-06-04,2026-06-04,42.23,1.05,ZAR,SHORT,SHORT,FLAT,SHORT,1.0,-0.00889322049238587,-0.8853792773390712,-1.19873831259467,0.00309416263356083,0.31335903525559883,1.0,
2026-06-08T09:04:41.208354+00:00,2026-06-03,dashboard,PAN,PAN.JO,,,-0.0117413571013589,-0.035253613111271,-0.0024321850711799,1,1.0342656525454534e-05,-0.0089019857540015,SHORT,FLAT,GDX -3.53% (need >0.5%),GDX -3.53% (need >0.5%),0.005,0.0020223984607401,-0.0008808740281187,0.2525127204948947,3459,2026-06-02,-0.0068692446367359,2026-06-04,2026-06-04,24.79,-0.04,ZAR,SHORT,SHORT,FLAT,SHORT,1.0,-0.006066752682237426,-0.6048387096774244,-0.6869244636735901,0.000802491954498474,0.08208575399616569,1.0,
2026-06-08T09:04:41.208354+00:00,2026-06-03,dashboard,SSW,SSW.JO,,,-0.0117413571013589,-0.035253613111271,-0.0024321850711799,1,0.0057907704387539,-0.0184806149908225,SHORT,FLAT,GDX -3.53% (need >0.5%),GDX -3.53% (need >0.5%),0.005,7.955102180599303e-05,-0.4931943035855456,0.5242190334503336,1525,2026-06-02,-0.0126102935302626,2026-06-04,2026-06-04,46.8,0.48,ZAR,SHORT,SHORT,FLAT,SHORT,1.0,-0.0219216591804038,-2.1683125805066594,-1.26102935302626,-0.0093113656501412,-0.9072832274803995,1.0,
2026-06-08T09:04:41.208354+00:00,2026-06-03,dashboard,HAR,HAR.JO,,,-0.0117413571013589,-0.035253613111271,-0.0024321850711799,1,0.0081771965865467,-0.0229039078634324,SHORT,FLAT,GDX -3.53% (need >0.5%),GDX -3.53% (need >0.5%),0.005,0.0005428999226599,-0.6964439047340052,0.6496896585079315,3459,2026-06-02,-0.0141838113542257,2026-06-04,2026-06-04,288.35,2.06,ZAR,SHORT,SHORT,FLAT,SHORT,1.0,-0.011391266562887015,-1.1326631742885507,-1.41838113542257,0.002792544791338685,0.28571796113401926,1.0,
2026-06-08T09:04:41.208354+00:00,2026-06-03,dashboard,GFI,GFI.JO,,,-0.0117413571013589,-0.035253613111271,-0.0024321850711799,1,0.008234128085641,-0.0222687899728225,SHORT,FLAT,GDX -3.53% (need >0.5%),GDX -3.53% (need >0.5%),0.005,0.0007891808698005,-0.7012927053115536,0.6316739762967122,3459,2026-06-02,-0.0132454810173808,2026-06-04,2026-06-04,634.04,1.34,ZAR,SHORT,SHORT,FLAT,SHORT,1.0,-0.005513276245816539,-0.5498106030335514,-1.32454810173808,0.007732204771564261,0.7747374987045286,1.0,
2026-06-08T09:04:41.208354+00:00,2026-06-03,dashboard,ANG,AU,,,-0.0117413571013589,-0.035253613111271,-0.0024321850711799,1,0.0013062731539391,-0.0001706301664084,LONG,FLAT,GDX -3.53% (need >0.5%),GDX -3.53% (need >0.5%),0.005,0.0003065368150826,-0.1112540179693541,0.0048400759907886,3531,2026-06-02,0.0014421798026134,2026-06-04,2026-06-04,93.3,3.84,USD,LONG,LONG,FLAT,LONG,1.0,0.025493081892459694,2.582080950721921,0.14421798026134,0.024050902089846293,2.437862970460581,1.0,
2026-06-08T09:04:41.240829+00:00,2026-06-04,dashboard,ANG,AU,,,0.0087741621807513,0.0163364369803282,0.0052588342175909,1,-0.0009778798924013,7.352327190481182e-05,SHORT,FLAT,|forecast| 0.06% < 0.5%,|forecast| 0.06% < 0.5%,0.005,0.0003134671933241,-0.1114499449926563,0.0045005696158437,3532,2026-06-03,-0.0005908894271723,2026-06-05,2026-06-05,88.73,-3.73,USD,SHORT,SHORT,FLAT,SHORT,1.0,-0.09139029465425366,-8.733856550162711,-0.059088942717229996,-0.09079940522708137,-8.674767607445482,1.0,
2026-06-08T09:04:41.240829+00:00,2026-06-04,dashboard,HAR,HAR.JO,,,0.0087741621807513,0.0163364369803282,0.0052588342175909,1,-0.0061109149590223,0.0106129632320149,LONG,LONG,gdx_up,Filters OK,0.005,0.0005437214310853,-0.6964670623969503,0.6496498131627266,3460,2026-06-03,0.0050457697040779,2026-06-05,2026-06-05,280.01,0.25,ZAR,LONG,LONG,LONG,SHORT,0.0,-0.06020404580007001,-5.842760990978091,0.5045769704077899,-0.0652498155041479,-6.347337961385881,0.0,0.0
2026-06-08T09:04:41.240829+00:00,2026-06-04,dashboard,GFI,GFI.JO,,,0.0087741621807513,0.0163364369803282,0.0052588342175909,1,-0.0061538185375785,0.010317499760019,LONG,FLAT,|forecast| 0.50% < 0.5%,|forecast| 0.50% < 0.5%,0.005,0.0007914555231512,-0.701356825963256,0.6315636495548571,3460,2026-06-03,0.0049551367455917,2026-06-05,2026-06-05,631.82,1.54,ZAR,LONG,LONG,FLAT,SHORT,0.0,-0.026924985321995387,-2.6565739356829488,0.49551367455917,-0.031880122067587086,-3.152087610242119,0.0,
2026-06-08T09:04:41.240829+00:00,2026-06-04,dashboard,DRD,DRD.JO,,,0.0087741621807513,0.0163364369803282,0.0052588342175909,1,-0.0049673575152318,0.0089507080352322,LONG,FLAT,|forecast| 0.47% < 0.5%,|forecast| 0.47% < 0.5%,0.005,0.0006835943027131,-0.5661346819106181,0.5478984215475137,3460,2026-06-03,0.0046669448227135,2026-06-05,2026-06-05,41.5,0.19,ZAR,LONG,LONG,FLAT,SHORT,0.0,-0.042916573550766036,-4.2008691453404134,0.46669448227134996,-0.04758351837347954,-4.667563627611764,0.0,
2026-06-08T09:04:41.240829+00:00,2026-06-04,dashboard,PAN,PAN.JO,,,0.0087741621807513,0.0163364369803282,0.0052588342175909,1,-7.787321912946974e-06,0.0041249710874457,LONG,LONG,gdx_up,Filters OK,0.005,0.0020226345371332,-0.0008875288321009,0.2525012701614746,3460,2026-06-03,0.0061398183026661,2026-06-05,2026-06-05,24.77,0.49,ZAR,LONG,LONG,LONG,SHORT,0.0,-0.043530188457134744,-4.259634888438136,0.61398183026661,-0.04967000675980084,-4.873616718704746,0.0,0.0
2026-06-08T09:04:41.240829+00:00,2026-06-04,dashboard,SSW,SSW.JO,,,0.0087741621807513,0.0163364369803282,0.0052588342175909,1,-0.0043268599383561,0.0085688011223978,LONG,FLAT,|forecast| 0.43% < 0.5%,|forecast| 0.43% < 0.5%,0.005,7.3204369718259e-05,-0.4931365353433243,0.5245208078552336,1526,2026-06-03,0.00431514555376,2026-06-05,2026-06-05,45.7,0.29,ZAR,LONG,LONG,FLAT,SHORT,0.0,-0.069275051802044,-6.692999780557384,0.431514555376,-0.07359019735580401,-7.124514335933385,0.0,
2026-06-08T09:09:37.726774+00:00,2026-06-05,dashboard,PAN,PAN.JO,23.6,-4.26,-0.0314791185446114,-0.0915672576360169,-0.0019726686363648,1,5.652159290292811e-05,-0.0231104539523181,SHORT,FLAT,GDX -9.16% (need >0.5%),GDX -9.16% (need >0.5%),0.005,0.0020085511205788,-0.0017955265431853,0.2523877480767523,3461,2026-06-04,-0.0210453812388362,2026-06-08,2026-06-08,23.99,1.65,ZAR,SHORT,SHORT,FLAT,LONG,0.0,0.0012703791672521471,0.12711864406780293,-2.10453812388362,0.022315760406088347,2.231656767951423,0.0,
2026-06-08T09:09:37.726774+00:00,2026-06-05,dashboard,HAR,HAR.JO,263.0,-5.84,-0.0314791185446114,-0.0915672576360169,-0.0019726686363648,1,0.0219617177017468,-0.0594729963770705,SHORT,FLAT,GDX -9.16% (need >0.5%),GDX -9.16% (need >0.5%),0.005,0.0005252205209427,-0.6976598684179536,0.6495006830222855,3461,2026-06-04,-0.0369860581543809,2026-06-08,2026-06-08,262.07,-0.35,ZAR,SHORT,SHORT,FLAT,SHORT,1.0,-0.030890487019338445,-3.041825095057038,-3.69860581543809,0.006095571135042454,0.6567807203810521,1.0,
2026-06-08T09:09:37.726774+00:00,2026-06-05,dashboard,SSW,SSW.JO,42.52,-6.69,-0.0314791185446114,-0.0915672576360169,-0.0019726686363648,1,0.0155892714409825,-0.0479904503461051,SHORT,FLAT,GDX -9.16% (need >0.5%),GDX -9.16% (need >0.5%),0.005,2.6674240933518656e-05,-0.4952257928979108,0.5241005528075207,1527,2026-06-04,-0.032374504664189,2026-06-08,2026-06-08,42.16,-0.85,ZAR,SHORT,SHORT,FLAT,SHORT,1.0,-0.04129247206363118,-4.045155221072438,-3.2374504664189,-0.00891796739944218,-0.8077047546535381,1.0,
2026-06-08T09:09:37.726774+00:00,2026-06-05,dashboard,ANG,AU,84.12,-8.73,-0.0314791185446114,-0.0915672576360169,-0.0019726686363648,1,0.0035596521441568,-0.0003930370299196,LONG,FLAT,GDX -9.16% (need >0.5%),GDX -9.16% (need >0.5%),0.005,0.0002882537318667,-0.1130797909449769,0.0042923315611565,3533,2026-06-04,0.0034548688461039,2026-06-08,2026-06-08,85.41,1.53,USD,LONG,LONG,FLAT,LONG,1.0,0.004152072705466918,0.41607045018232647,0.34548688461039,0.0006972038593630182,0.07058356557193646,1.0,
2026-06-08T09:09:37.726774+00:00,2026-06-05,dashboard,DRD,DRD.JO,39.68,-4.2,-0.0314791185446114,-0.0915672576360169,-0.0019726686363648,1,0.017848803046709,-0.0501595976771307,SHORT,FLAT,GDX -9.16% (need >0.5%),GDX -9.16% (need >0.5%),0.005,0.0006701024883548,-0.5670045373543139,0.5477896681859467,3461,2026-06-04,-0.0316406921420668,2026-06-08,2026-06-08,39.54,-0.35,ZAR,SHORT,SHORT,FLAT,SHORT,1.0,-0.00885969597295385,-0.8820564516129004,-3.16406921420668,0.02278099616911295,2.2820127625937796,1.0,
2026-06-08T09:09:37.726774+00:00,2026-06-05,dashboard,GFI,GFI.JO,605.7,-2.66,-0.0314791185446114,-0.0915672576360169,-0.0019726686363648,1,0.0220964403152846,-0.0578238795615899,SHORT,FLAT,GDX -9.16% (need >0.5%),GDX -9.16% (need >0.5%),0.005,0.0007824162443556,-0.7019396138417926,0.6314907867115763,3461,2026-06-04,-0.0349450230019496,2026-06-08,2026-06-08,601.57,-0.68,ZAR,SHORT,SHORT,FLAT,SHORT,1.0,-0.020499254233077396,-2.0290572890870107,-3.4945023001949598,0.014445768768872203,1.4654450111079491,1.0,
2026-06-09T07:48:39.519264+00:00,2026-06-08,dashboard,HAR,HAR.JO,255.0,-3.04,-0.0002767658988034,-0.0021585707686098,0.0152508894413014,1,0.0001931298509035,-0.0014015215323536,SHORT,FLAT,GDX -0.22% (need >0.5%),GDX -0.22% (need >0.5%),0.005,0.0005270605011069,-0.6978094184961848,0.6492821790856835,3462,2026-06-05,-0.000681331180343,2026-06-09,2026-06-09,257.56,1.0,ZAR,SHORT,SHORT,FLAT,SHORT,1.0,-0.02985296314968116,-2.941176470588236,-0.0681331180343,-0.02917163196933816,-2.873043352553936,1.0,
2026-06-09T07:48:39.519264+00:00,2026-06-08,dashboard,PAN,PAN.JO,23.63,0.13,-0.0002767658988034,-0.0021585707686098,0.0152508894413014,1,6.484697798581239e-07,-0.0005430700916798,LONG,FLAT,GDX -0.22% (need >0.5%),GDX -0.22% (need >0.5%),0.005,0.0020152872500713,-0.0023430263000669,0.251587809664258,3462,2026-06-05,0.0014728656281713,2026-06-09,2026-06-09,24.5,3.68,ZAR,LONG,LONG,FLAT,LONG,1.0,0.00422297924885578,0.42319085907744913,0.14728656281712998,0.0027501136206844797,0.27590429626031915,1.0,
2026-06-09T07:48:39.519264+00:00,2026-06-08,dashboard,SSW,SSW.JO,40.8,-4.05,-0.0002767658988034,-0.0021585707686098,0.0152508894413014,1,0.0001370152811151,-0.001132876513071,SHORT,FLAT,GDX -0.22% (need >0.5%),GDX -0.22% (need >0.5%),0.005,2.026902202947212e-05,-0.4950583930591353,0.5248271354108192,1528,2026-06-05,-0.0009755922099263,2026-06-09,2026-06-09,40.98,0.44,ZAR,SHORT,SHORT,FLAT,SHORT,1.0,-0.02833895831846611,-2.7941176470588247,-0.09755922099263001,-0.02736336610853981,-2.696558426066195,1.0,
2026-06-09T07:48:39.519264+00:00,2026-06-08,dashboard,GFI,GFI.JO,593.41,-2.03,-0.0002767658988034,-0.0021585707686098,0.0152508894413014,1,0.0001943710382985,-0.0013619997844815,SHORT,FLAT,GDX -0.22% (need >0.5%),GDX -0.22% (need >0.5%),0.005,0.0007867767755351,-0.7022940294989346,0.6309729587224806,3462,2026-06-05,-0.0003808519706478,2026-06-09,2026-06-09,605.03,1.96,ZAR,SHORT,SHORT,FLAT,SHORT,1.0,-0.018556374313968494,-1.8385264825331538,-0.03808519706478,-0.018175522343320694,-1.8004412854683738,1.0,
2026-06-09T07:48:39.519264+00:00,2026-06-08,dashboard,DRD,DRD.JO,39.33,-0.88,-0.0002767658988034,-0.0021585707686098,0.0152508894413014,1,0.000157082208729,-0.0011806800429319,SHORT,FLAT,GDX -0.22% (need >0.5%),GDX -0.22% (need >0.5%),0.005,0.000676979051706,-0.5675634513073748,0.5469730527724928,3462,2026-06-05,-0.0003466187824968,2026-06-09,2026-06-09,39.49,0.41,ZAR,SHORT,SHORT,FLAT,SHORT,1.0,-0.020290923457497806,-2.0086448004068114,-0.03466187824968,-0.019944304675001006,-1.9739829221571314,1.0,
2026-06-09T07:48:39.519264+00:00,2026-06-08,dashboard,ANG,AU,84.47,0.42,-0.0002767658988034,-0.0021585707686098,0.0152508894413014,1,3.1301273718264855e-05,-9.211894998291531e-06,LONG,FLAT,GDX -0.22% (need >0.5%),GDX -0.22% (need >0.5%),0.005,0.0002884598663412,-0.1130965695325634,0.0042675899869728,3534,2026-06-05,0.0003105492450611,2026-06-09,2026-06-09,87.19,3.22,USD,LONG,LONG,FLAT,SHORT,0.0,-0.0004736638947761138,-0.04735517337430828,0.031054924506110002,-0.0007842131398372138,-0.07841009788041828,0.0,
2026-06-11T08:47:17.311505+00:00,2026-06-09,dashboard,SSW,SSW.JO,39.66,-2.79,-0.0176600183367732,-0.0138233593583745,-0.0018982631287971,1,0.0087427490710124,-0.0072558802823836,LONG,FLAT,GDX -1.38% (need >0.5%),GDX -1.38% (need >0.5%),0.005,2.3268730241258137e-06,-0.4950588897638658,0.5248999244158307,1529,2026-06-08,0.0014891956616529,2026-06-10,2026-06-10,38.94,-1.82,ZAR,LONG,LONG,FLAT,SHORT,0.0,-0.028127653349305105,-2.773575390821992,0.14891956616529,-0.029616849010958006,-2.922494956987282,0.0,
2026-06-11T08:47:17.311505+00:00,2026-06-09,dashboard,ANG,AU,84.43,-0.05,-0.0176600183367732,-0.0138233593583745,-0.0018982631287971,1,0.0019972964350584,-5.900618648518618e-05,LONG,FLAT,GDX -1.38% (need >0.5%),GDX -1.38% (need >0.5%),0.005,0.0002882379798511,-0.1130970759469459,0.0042685851503555,3535,2026-06-08,0.0022265282284244,2026-06-10,2026-06-10,81.53,-3.43,USD,LONG,LONG,FLAT,SHORT,0.0,-0.07320639060026543,-7.059101104974519,0.22265282284243998,-0.07543291882868983,-7.2817539278169585,0.0,
2026-06-11T08:47:17.311505+00:00,2026-06-09,dashboard,GFI,GFI.JO,582.5,-1.84,-0.0176600183367732,-0.0138233593583745,-0.0018982631287971,1,0.012402744095281,-0.0087224911677386,LONG,FLAT,GDX -1.38% (need >0.5%),GDX -1.38% (need >0.5%),0.005,0.0007815271534372,-0.7023064109426789,0.6309964851238851,3463,2026-06-08,0.0044617800809796,2026-06-10,2026-06-10,582.09,-0.07,ZAR,LONG,LONG,FLAT,SHORT,0.0,-0.04322115059557368,-4.230042918454934,0.44617800809796,-0.047682930676553284,-4.676220926552895,0.0,
2026-06-11T08:47:17.311505+00:00,2026-06-09,dashboard,DRD,DRD.JO,38.54,-2.01,-0.0176600183367732,-0.0138233593583745,-0.0018982631287971,1,0.0100234208928311,-0.0075613619304745,LONG,FLAT,GDX -1.38% (need >0.5%),GDX -1.38% (need >0.5%),0.005,0.0006712185535717,-0.56757703767269,0.5469988686862616,3463,2026-06-08,0.0031332775159283,2026-06-10,2026-06-10,37.7,-2.18,ZAR,LONG,LONG,FLAT,SHORT,0.0,-0.04023835584086884,-3.943954333160349,0.31332775159283,-0.04337163335679714,-4.257282084753179,0.0,
2026-06-11T08:47:17.311505+00:00,2026-06-09,dashboard,PAN,PAN.JO,23.73,0.42,-0.0176600183367732,-0.0138233593583745,-0.0018982631287971,1,4.1344802800868665e-05,-0.0034777394955013,SHORT,FLAT,GDX -1.38% (need >0.5%),GDX -1.38% (need >0.5%),0.005,0.002016081563267,-0.002341152880616,0.2515842499163879,3463,2026-06-08,-0.0014203131294334,2026-06-10,2026-06-10,23.28,-1.9,ZAR,SHORT,SHORT,FLAT,SHORT,1.0,-0.04746361080222619,-4.635482511588707,-0.14203131294334,-0.04604329767279279,-4.493451198645367,1.0,
2026-06-11T08:47:17.311505+00:00,2026-06-09,dashboard,HAR,HAR.JO,247.5,-2.94,-0.0176600183367732,-0.0138233593583745,-0.0018982631287971,1,0.0123236780689568,-0.0089757828533447,LONG,FLAT,GDX -1.38% (need >0.5%),GDX -1.38% (need >0.5%),0.005,0.0005186348811481,-0.6978292906579505,0.6493199388545848,3463,2026-06-08,0.0038665300967602,2026-06-10,2026-06-10,246.08,-0.57,ZAR,LONG,LONG,FLAT,SHORT,0.0,-0.027194730176411205,-2.682828282828287,0.38665300967602,-0.031061260273171406,-3.0694812925043067,0.0,
2026-06-12T08:25:54.412264+00:00,2026-06-11,dashboard,SSW,SSW.JO,38.31,-0.65,-0.0043666949794936,0.0516184495106042,0.008112318246757,1,0.0021468216805569,0.0270531515522443,LONG,LONG,gdx_up,Filters OK,0.005,-1.7449308475466164e-05,-0.4916353651076273,0.5240984920844365,1531,2026-06-10,0.0291825239243258,2026-06-12,2026-06-12,40.64,6.08,ZAR,LONG,LONG,LONG,LONG,1.0,0.0396623560720911,4.045941007569831,2.9182523924325796,0.010479832147765301,1.1276886151372514,1.0,1.0
2026-06-12T08:25:54.412264+00:00,2026-06-11,dashboard,GFI,GFI.JO,565.95,1.45,-0.0043666949794936,0.0516184495106042,0.008112318246757,1,0.0030620253880404,0.0325471508016339,LONG,LONG,gdx_up,Filters OK,0.005,0.0007732492925603,-0.7012226414759996,0.6305332901358764,3465,2026-06-10,0.0363824254822347,2026-06-12,2026-06-12,599.83,5.99,ZAR,LONG,LONG,LONG,LONG,1.0,0.04173543885148179,4.2618605883911975,3.63824254822347,0.005353013369247088,0.6236180401677274,1.0,1.0
2026-06-12T08:25:54.412264+00:00,2026-06-11,dashboard,ANG,AU,83.18,6.0,-0.0043666949794936,0.0516184495106042,0.008112318246757,1,0.0004968110636131,0.0001909483204534,LONG,FLAT,|forecast| 0.10% < 0.5%,|forecast| 0.10% < 0.5%,0.005,0.0002824687525806,-0.1137727883321854,0.0036992261926463,3537,2026-06-10,0.0009702281366472,2026-06-12,2026-06-12,87.11,4.72,USD,LONG,LONG,FLAT,LONG,1.0,0.03682269546795536,3.7509049472651768,0.09702281366472,0.03585246733130816,3.6538821336004568,1.0,
2026-06-12T08:25:54.412264+00:00,2026-06-11,dashboard,PAN,PAN.JO,23.17,2.39,-0.0043666949794936,0.0516184495106042,0.008112318246757,1,1.2522942023001849e-05,0.0129686529826226,LONG,LONG,gdx_up,Filters OK,0.005,0.0020128044856092,-0.0028678307236504,0.2512406534016189,3465,2026-06-10,0.0149939804102549,2026-06-12,2026-06-12,23.99,3.54,ZAR,LONG,LONG,LONG,LONG,1.0,0.03352743480296372,3.409581355200686,1.49939804102549,0.018533454392708818,1.910183314175196,1.0,1.0
2026-06-12T08:25:54.412264+00:00,2026-06-11,dashboard,DRD,DRD.JO,36.65,-1.0,-0.0043666949794936,0.0516184495106042,0.008112318246757,1,0.0024641675566898,0.0282057243108404,LONG,LONG,gdx_up,Filters OK,0.005,0.0006568488697039,-0.5643095220210674,0.546427189856719,3465,2026-06-10,0.0313267407372342,2026-06-12,2026-06-12,38.96,6.3,ZAR,LONG,LONG,LONG,LONG,1.0,0.0440364678539399,4.502046384720337,3.1326740737234204,0.012709727116705698,1.369372310996917,1.0,1.0
2026-06-12T08:25:54.412264+00:00,2026-06-11,dashboard,HAR,HAR.JO,240.17,-0.29,-0.0043666949794936,0.0516184495106042,0.008112318246757,1,0.0030399881168879,0.033498091122072,LONG,LONG,gdx_up,Filters OK,0.005,0.0005104026113194,-0.6961759708805006,0.6489557791771791,3465,2026-06-10,0.0370484818502794,2026-06-12,2026-06-12,258.42,7.6,ZAR,LONG,LONG,LONG,LONG,1.0,0.06842922291662122,7.082483241037596,3.7048481850279398,0.031380741066341825,3.377635056009656,1.0,1.0
2026-06-15T10:24:02.887211+00:00,2026-06-12,dashboard,DRD,DRD.JO,38.3,4.5,0.0300312625182677,0.0292889089102246,-0.0183906640721245,1,-0.0169822519404949,0.0160231867426686,SHORT,FLAT,|forecast| 0.03% < 0.5%,|forecast| 0.03% < 0.5%,0.005,0.0006606838518468,-0.5654857810311791,0.5470735284739495,3466,2026-06-11,-0.0002983813459794,2026-06-15,2026-06-15,42.0,9.66,ZAR,SHORT,SHORT,FLAT,LONG,0.0,0.07007148887375708,7.258485639686674,-0.02983813459794,0.07036987021973648,7.288323774284613,0.0,
2026-06-15T10:24:02.887211+00:00,2026-06-12,dashboard,ANG,AU,86.3,3.75,0.0300312625182677,0.0292889089102246,-0.0183906640721245,1,-0.0035149611033645,0.0001610885629882,SHORT,FLAT,|forecast| 0.31% < 0.5%,|forecast| 0.31% < 0.5%,0.005,0.0002930946364017,-0.1170434010633553,0.0054999851132043,3538,2026-06-11,-0.0030607779039745,2026-06-15,2026-06-15,94.75,9.79,USD,SHORT,SHORT,FLAT,LONG,0.0,0.06710616974601846,6.940901103070729,-0.30607779039745,0.07016694764999296,7.246978893468179,0.0,
2026-06-15T10:24:02.887211+00:00,2026-06-12,dashboard,SSW,SSW.JO,39.86,4.05,0.0300312625182677,0.0292889089102246,-0.0183906640721245,1,-0.014827938684266,0.0153853104699041,LONG,FLAT,|forecast| 0.05% < 0.5%,|forecast| 0.05% < 0.5%,0.005,-1.0099812565814587e-05,-0.4937500937646684,0.5252947631836575,1532,2026-06-11,0.0005472719730722,2026-06-15,2026-06-15,44.67,12.07,ZAR,LONG,LONG,FLAT,LONG,1.0,0.08554684966549704,8.931259407927739,0.05472719730722,0.08499957769242485,8.87653221062052,1.0,
2026-06-15T10:24:02.887211+00:00,2026-06-12,dashboard,GFI,GFI.JO,590.07,4.26,0.0300312625182677,0.0292889089102246,-0.0183906640721245,1,-0.0210734790278337,0.0184756051664043,SHORT,FLAT,|forecast| 0.18% < 0.5%,|forecast| 0.18% < 0.5%,0.005,0.0007748644893693,-0.7017180518140036,0.630805511500452,3466,2026-06-11,-0.00182300937206,2026-06-15,2026-06-15,648.84,9.96,ZAR,SHORT,SHORT,FLAT,LONG,0.0,0.08803192135437073,9.20229803243684,-0.182300937206,0.08985493072643072,9.38459896964284,0.0,
2026-06-15T10:24:02.887211+00:00,2026-06-12,dashboard,HAR,HAR.JO,257.18,7.08,0.0300312625182677,0.0292889089102246,-0.0183906640721245,1,-0.020994260818093,0.0190539468709005,SHORT,FLAT,|forecast| 0.14% < 0.5%,|forecast| 0.14% < 0.5%,0.005,0.0005198713104121,-0.6990801936922371,0.6505516108266121,3466,2026-06-11,-0.0014204426367803,2026-06-15,2026-06-15,289.63,12.62,ZAR,SHORT,SHORT,FLAT,LONG,0.0,0.10621558197755965,11.206159110350722,-0.14204426367803,0.10763602461433995,11.348203374028753,0.0,
2026-06-15T10:24:02.887211+00:00,2026-06-12,dashboard,PAN,PAN.JO,23.96,3.41,0.0300312625182677,0.0292889089102246,-0.0183906640721245,1,-0.0001376351882784,0.0073861693383349,LONG,LONG,gdx_up,Filters OK,0.005,0.0020183966958894,-0.0045830636722215,0.252183151000088,3466,2026-06-11,0.009266930845946,2026-06-15,2026-06-15,25.68,7.18,ZAR,LONG,LONG,LONG,LONG,1.0,0.06229267891713183,6.427378964941566,0.9266930845946,0.05302574807118583,5.500685880346966,1.0,1.0
2026-06-17T09:02:31.111055+00:00,2026-06-16,dashboard,DRD,DRD.JO,41.08,7.26,0.0006698085172178,0.0228402634609317,0.0009859595314938,1,-0.0003745561775519,0.0124606708542666,LONG,LONG,gdx_up,Filters OK,0.005,0.0006733625808224,-0.5591988873293061,0.5455572294768241,3468,2026-06-15,0.0127594772575371,2026-06-17,2026-06-17,41.84,1.85,ZAR,LONG,LONG,LONG,LONG,1.0,0.007276287257039512,0.7302823758519983,1.27594772575371,-0.005483190000497587,-0.5456653499017117,1.0,1.0
2026-06-17T09:02:31.111055+00:00,2026-06-16,dashboard,GFI,GFI.JO,644.37,9.2,0.0006698085172178,0.0228402634609317,0.0009859595314938,1,-0.0004643210111679,0.0143690219005753,LONG,LONG,gdx_up,Filters OK,0.005,0.0007945829484282,-0.693214551968606,0.6291092887415078,3468,2026-06-15,0.0146992838378356,2026-06-17,2026-06-17,666.41,3.42,ZAR,LONG,LONG,LONG,LONG,1.0,0.030611282454858203,3.1084625292921775,1.46992838378356,0.015911998617022603,1.6385341455086175,1.0,1.0
2026-06-17T09:02:31.111055+00:00,2026-06-16,dashboard,ANG,AU,93.93,1.78,0.0006698085172178,0.0228402634609317,0.0009859595314938,1,-7.324311243060498e-05,0.0001093593137716,LONG,FLAT,|forecast| 0.04% < 0.5%,|forecast| 0.04% < 0.5%,0.005,0.0003167078674363,-0.1093493297678993,0.0047880057933072,3540,2026-06-15,0.0003528240687773,2026-06-17,2026-06-17,97.19,3.47,USD,LONG,LONG,FLAT,SHORT,0.0,-0.03256984841023689,-3.2045162636549107,0.03528240687773,-0.03292267247901419,-3.239798670532641,0.0,
2026-06-17T09:02:31.111055+00:00,2026-06-16,dashboard,HAR,HAR.JO,286.0,11.21,0.0006698085172178,0.0228402634609317,0.0009859595314938,1,-0.0004611915172541,0.0148164114807789,LONG,LONG,gdx_up,Filters OK,0.005,0.0005460999106818,-0.6885423302315895,0.6486970479181382,3468,2026-06-15,0.0149013198742066,2026-06-17,2026-06-17,295.0,3.15,ZAR,LONG,LONG,LONG,LONG,1.0,0.013440735792936543,1.3531468531468471,1.49013198742066,-0.0014605840812700558,-0.13698513427381287,1.0,1.0
2026-06-17T09:02:31.111055+00:00,2026-06-16,dashboard,SSW,SSW.JO,43.42,8.93,0.0006698085172178,0.0228402634609317,0.0009859595314938,1,-0.0003211721453746,0.0119002446592426,LONG,LONG,gdx_up,Filters OK,0.005,1.8354373132732486e-05,-0.4794984493609079,0.5210204636911506,1534,2026-06-15,0.0115974268870007,2026-06-17,2026-06-17,44.02,1.38,ZAR,LONG,LONG,LONG,SHORT,0.0,-0.006469523489135454,-0.6448641179180092,1.15974268870007,-0.018066950376136155,-1.8046068066180792,0.0,0.0
2026-06-17T09:02:31.111055+00:00,2026-06-16,dashboard,PAN,PAN.JO,25.5,6.43,0.0006698085172178,0.0228402634609317,0.0009859595314938,1,-1.6666216949246706e-07,0.005729189918093,LONG,LONG,gdx_up,Filters OK,0.005,0.0020249605301581,-0.0002488206184428,0.2508372956333388,3468,2026-06-15,0.0077539837860817,2026-06-17,2026-06-17,25.94,1.73,ZAR,LONG,LONG,LONG,SHORT,0.0,-0.0003922337763563644,-0.039215686274507444,0.77539837860817,-0.008146217562438064,-0.8146140648826774,0.0,0.0
2026-06-18T08:47:38.008002+00:00,2026-06-17,dashboard,SSW,SSW.JO,43.14,-0.64,0.0064443594863092,-0.033569554000949,0.000262656333728,1,-0.0030883733330941,-0.0174981398954444,SHORT,FLAT,GDX -3.36% (need >0.5%),GDX -3.36% (need >0.5%),0.005,2.151660189166582e-05,-0.4792366626435437,0.5212502940893913,1534,2026-06-16,-0.0205649966266468,2026-06-18,2026-06-18,42.79,-0.81,ZAR,SHORT,SHORT,FLAT,SHORT,1.0,-0.07307430664848677,-7.046824292999531,-2.05649966266468,-0.05250931002183997,-4.990324630334851,1.0,
2026-06-18T08:47:38.008002+00:00,2026-06-17,dashboard,HAR,HAR.JO,289.87,1.35,0.0064443594863092,-0.033569554000949,0.000262656333728,1,-0.0044375189700519,-0.0217756702579605,SHORT,FLAT,GDX -3.36% (need >0.5%),GDX -3.36% (need >0.5%),0.005,0.0005457492476267,-0.6885896076218647,0.648673207196763,3468,2026-06-16,-0.0256674399803857,2026-06-18,2026-06-18,289.56,-0.11,ZAR,SHORT,SHORT,FLAT,SHORT,1.0,-0.026391367245774525,-2.6046158622830884,-2.56674399803857,-0.0007239272653888247,-0.037871864244518605,1.0,
2026-06-18T08:47:38.008002+00:00,2026-06-17,dashboard,PAN,PAN.JO,25.49,-0.04,0.0064443594863092,-0.033569554000949,0.000262656333728,1,5.614042333405118e-07,-0.0084261829456751,SHORT,FLAT,GDX -3.36% (need >0.5%),GDX -3.36% (need >0.5%),0.005,0.0020274522163416,8.711559845989147e-05,0.2510066992679418,3468,2026-06-16,-0.0063981693251001,2026-06-18,2026-06-18,25.31,-0.71,ZAR,SHORT,SHORT,FLAT,SHORT,1.0,-0.0432933339831554,-4.236955668889763,-0.63981693251001,-0.0368951646580553,-3.597138736379753,1.0,
2026-06-18T08:47:38.008002+00:00,2026-06-17,dashboard,GFI,GFI.JO,664.4,3.11,0.0064443594863092,-0.033569554000949,0.000262656333728,1,-0.0044617188376587,-0.021133641447156,SHORT,FLAT,GDX -3.36% (need >0.5%),GDX -3.36% (need >0.5%),0.005,0.0008010339544101,-0.692344808997301,0.629547876821912,3468,2026-06-16,-0.0247943263304045,2026-06-18,2026-06-18,658.69,-0.86,ZAR,SHORT,SHORT,FLAT,SHORT,1.0,-0.038322862278219974,-3.7597832630945183,-2.47943263304045,-0.013528535947815473,-1.2803506300540684,1.0,
2026-06-18T08:47:38.008002+00:00,2026-06-17,dashboard,ANG,AU,90.92,-3.2,0.0064443594863092,-0.033569554000949,0.000262656333728,1,-0.0006985902750062,-0.0001399800082878,SHORT,FLAT,GDX -3.36% (need >0.5%),GDX -3.36% (need >0.5%),0.005,0.0003072899137107,-0.1084033683239324,0.004169850105362,3541,2026-06-16,-0.0005312803695833,2026-06-18,2026-06-18,93.83,3.2,USD,SHORT,SHORT,FLAT,SHORT,1.0,-0.0005500349125030002,-0.05498836710311483,-0.05312803695833,-1.875454291970014e-05,-0.0018603301447848303,1.0,
2026-06-18T08:47:38.008002+00:00,2026-06-17,dashboard,DRD,DRD.JO,41.38,0.73,0.0064443594863092,-0.033569554000949,0.000262656333728,1,-0.003601591666662,-0.0183195950339941,SHORT,FLAT,GDX -3.36% (need >0.5%),GDX -3.36% (need >0.5%),0.005,0.0006757646009018,-0.5588750401515447,0.5457205369328479,3468,2026-06-16,-0.0212454220997543,2026-06-18,2026-06-18,41.02,-0.87,ZAR,SHORT,SHORT,FLAT,SHORT,1.0,-0.04396855405696212,-4.301594973417111,-2.12454220997543,-0.022723131957207824,-2.177052763441681,1.0,
2026-06-19T09:06:09.722530+00:00,2026-06-18,dashboard,HAR,HAR.JO,282.32,-2.6,-0.0314134660627249,-0.0221738388388397,0.0107618090974379,1,0.0216327031171602,-0.0143841792691243,LONG,FLAT,GDX -2.22% (need >0.5%),GDX -2.22% (need >0.5%),0.005,0.0005455493931545,-0.6886442608391254,0.6487004516299177,3469,2026-06-17,0.0077940732411904,2026-06-19,2026-06-19,275.0,-2.59,ZAR,LONG,LONG,FLAT,SHORT,0.0,-0.07702763445570947,-7.413573250212524,0.77940732411904,-0.08482170769689987,-8.192980574331564,0.0,
2026-06-19T09:06:09.722530+00:00,2026-06-18,dashboard,PAN,PAN.JO,24.41,-4.24,-0.0314134660627249,-0.0221738388388397,0.0107618090974379,1,8.476300549822651e-05,-0.0055965709267902,SHORT,FLAT,GDX -2.22% (need >0.5%),GDX -2.22% (need >0.5%),0.005,0.0020172665747558,-0.0026983015923481,0.2523952197662433,3469,2026-06-17,-0.0034945413465361,2026-06-19,2026-06-19,23.99,-1.72,ZAR,SHORT,SHORT,FLAT,SHORT,1.0,-0.05516026687712084,-5.3666530110610395,-0.34945413465361,-0.05166572553058474,-5.01719887640743,1.0,
2026-06-19T09:06:09.722530+00:00,2026-06-18,dashboard,GFI,GFI.JO,639.42,-3.76,-0.0314134660627249,-0.0221738388388397,0.0107618090974379,1,0.0217810340834796,-0.0139707826573401,LONG,FLAT,GDX -2.22% (need >0.5%),GDX -2.22% (need >0.5%),0.005,0.0007972991338823,-0.6933661519549698,0.6300570126300767,3469,2026-06-17,0.0086075505600218,2026-06-19,2026-06-19,622.0,-2.72,ZAR,LONG,LONG,FLAT,SHORT,0.0,-0.14013500623088881,-13.075912545744583,0.86075505600218,-0.1487425567909106,-13.936667601746763,0.0,
2026-06-19T09:06:09.722530+00:00,2026-06-18,dashboard,ANG,AU,90.87,-0.05,-0.0314134660627249,-0.0221738388388397,0.0107618090974379,1,0.003405369330015,-9.247702679061876e-05,LONG,FLAT,GDX -2.22% (need >0.5%),GDX -2.22% (need >0.5%),0.005,0.0003072848497997,-0.1084047625695094,0.0041705465374193,3542,2026-06-17,0.0036201771530241,2026-06-22,2026-06-22,86.91,-4.36,USD,LONG,LONG,FLAT,SHORT,0.0,-0.05241176003842562,-5.1061948381232565,0.36201771530241,-0.05603193719144972,-5.4682125534256665,0.0,
2026-06-19T09:06:09.722530+00:00,2026-06-18,dashboard,DRD,DRD.JO,39.6,-4.3,-0.0314134660627249,-0.0221738388388397,0.0107618090974379,1,0.0176100916930752,-0.0121196815765793,LONG,FLAT,GDX -2.22% (need >0.5%),GDX -2.22% (need >0.5%),0.005,0.0006694914298788,-0.5605905333054376,0.5465757041288918,3469,2026-06-17,0.0061599015463747,2026-06-19,2026-06-19,39.31,-0.73,ZAR,LONG,LONG,FLAT,SHORT,0.0,-0.08480994517045869,-8.131313131313133,0.61599015463747,-0.09096984671683339,-8.747303285950604,0.0,
2026-06-19T09:06:09.722530+00:00,2026-06-18,dashboard,SSW,SSW.JO,40.1,-7.05,-0.0314134660627249,-0.0221738388388397,0.0107618090974379,1,0.0153145115222952,-0.0116556279553131,LONG,FLAT,GDX -2.22% (need >0.5%),GDX -2.22% (need >0.5%),0.005,-1.0355491148738652e-05,-0.4875142237318189,0.5256477256837051,1535,2026-06-17,0.0036485280758333,2026-06-19,2026-06-19,39.27,-2.07,ZAR,LONG,LONG,FLAT,SHORT,0.0,-0.0837069356241304,-8.029925187032417,0.36485280758333,-0.08735546369996369,-8.394777994615747,0.0,
2026-06-23T07:49:31.107985+00:00,2026-06-22,dashboard,PAN,PAN.JO,23.63,2.29,-0.0100405781203889,-0.0130529412266291,0.0005971914088904,1,-3.4392151145715835e-05,-0.0032783054865722,SHORT,FLAT,GDX -1.31% (need >0.5%),GDX -1.31% (need >0.5%),0.005,0.0020010774637356,0.0034253158267726,0.251154542846191,3470,2026-06-18,-0.0013116201739823,2026-06-23,2026-06-23,22.99,-2.71,ZAR,SHORT,SHORT,FLAT,SHORT,1.0,-0.027892818778206853,-2.750740584003386,-0.13116201739823,-0.026581198604224553,-2.619578566605156,1.0,
2026-06-23T07:49:31.107985+00:00,2026-06-22,dashboard,HAR,HAR.JO,265.05,1.4,-0.0100405781203889,-0.0130529412266291,0.0005971914088904,1,0.0068134446507577,-0.0084408617323251,SHORT,FLAT,GDX -1.31% (need >0.5%),GDX -1.31% (need >0.5%),0.005,0.0005189710759291,-0.6785908708704743,0.6466635822357846,3470,2026-06-18,-0.0011084460056382,2026-06-23,2026-06-23,257.87,-2.71,ZAR,SHORT,SHORT,FLAT,SHORT,1.0,-0.03771420843366893,-3.701188455008486,-0.11084460056382,-0.036605762428030736,-3.590343854444666,1.0,
2026-06-23T07:49:31.107985+00:00,2026-06-22,dashboard,GFI,GFI.JO,571.48,2.82,-0.0100405781203889,-0.0130529412266291,0.0005971914088904,1,0.0067847863311464,-0.0081774742003096,SHORT,FLAT,GDX -1.31% (need >0.5%),GDX -1.31% (need >0.5%),0.005,0.0007506916442827,-0.6757366209191545,0.6264851774270502,3470,2026-06-18,-0.0006419962248804,2026-06-23,2026-06-23,554.36,-3.0,ZAR,SHORT,SHORT,FLAT,SHORT,1.0,-0.04451221350298968,-4.353608175264223,-0.06419962248804001,-0.04387021727810928,-4.289408552776183,1.0,
2026-06-23T07:49:31.107985+00:00,2026-06-22,dashboard,ANG,AU,86.23,-5.11,-0.0100405781203889,-0.0130529412266291,0.0005971914088904,1,0.0010227929823496,-3.715798979792443e-05,LONG,FLAT,GDX -1.31% (need >0.5%),GDX -1.31% (need >0.5%),0.005,0.0002900529150763,-0.1018659453754628,0.0028467139438365,3543,2026-06-18,0.001275687907628,,,,,,LONG,LONG,FLAT,,,,,0.1275687907628,,,,
2026-06-23T07:49:31.107985+00:00,2026-06-22,dashboard,DRD,DRD.JO,37.5,3.08,-0.0100405781203889,-0.0130529412266291,0.0005971914088904,1,0.0055203946193812,-0.007105906287745,SHORT,FLAT,GDX -1.31% (need >0.5%),GDX -1.31% (need >0.5%),0.005,0.0006409866342359,-0.5498084426205758,0.5443911961580231,3470,2026-06-18,-0.0009445250341278,2026-06-23,2026-06-23,36.16,-3.57,ZAR,SHORT,SHORT,FLAT,SHORT,1.0,-0.042211848809309435,-4.133333333333333,-0.09445250341278,-0.041267323775181636,-4.0388808299205525,1.0,
2026-06-23T07:49:31.107985+00:00,2026-06-22,dashboard,SSW,SSW.JO,38.38,4.07,-0.0100405781203889,-0.0130529412266291,0.0005971914088904,1,0.0046964567776451,-0.0068011644903893,SHORT,FLAT,GDX -1.31% (need >0.5%),GDX -1.31% (need >0.5%),0.005,-7.63721333778331e-05,-0.4677476457364836,0.521044596179931,1536,2026-06-18,-0.002181079846122,2026-06-23,2026-06-23,36.94,-3.75,ZAR,SHORT,SHORT,FLAT,SHORT,1.0,-0.04639595077362429,-4.533611255862424,-0.2181079846122,-0.04421487092750229,-4.315503271250225,1.0,
