run_ts_utc,signal_date,rules_mode,miner,yahoo_ticker,close,pct_change,return_gold_t,return_gdx_t,return_zar_t,forward_horizon_days,gold_contrib,gdx_contrib,signal,signal_high_conv,regime_pass,filter_note,pred_abs_gte,alpha,beta_gold,beta_gdx,n_train,train_end,pred_return_fwd
2026-09-07T08:56:51.181964+00:00,2026-09-04,dashboard,DRD,DRD.JO,46.22,-1.51,-0.0138769005122263,-0.0222175587311888,-0.0053227442110275,1,0.0077607934107043,-0.012063907465887,SHORT,FLAT,GDX -2.22% (need >0.5%),GDX -2.22% (need >0.5%),0.005,0.0006846227837048,-0.5592598580545153,0.5429897862248851,3522,2026-09-03,-0.0036184912714778
2026-09-07T08:56:51.181964+00:00,2026-09-04,dashboard,PAN,PAN.JO,29.55,-1.04,-0.0138769005122263,-0.0222175587311888,-0.0053227442110275,1,0.0001562260479164,-0.0056692939620157,SHORT,FLAT,GDX -2.22% (need >0.5%),GDX -2.22% (need >0.5%),0.005,0.0020282192160494,-0.0112579929342866,0.2551717778991293,3522,2026-09-03,-0.0034848486980498
2026-09-07T08:56:51.181964+00:00,2026-09-04,dashboard,GFI,GFI.JO,766.75,0.58,-0.0138769005122263,-0.0222175587311888,-0.0053227442110275,1,0.0094948958809298,-0.0138771388343285,SHORT,FLAT,GDX -2.22% (need >0.5%),GDX -2.22% (need >0.5%),0.005,0.0008127508515246,-0.6842230995721463,0.6246023247751294,3522,2026-09-03,-0.003569492101874
2026-09-07T08:56:51.181964+00:00,2026-09-04,dashboard,HAR,HAR.JO,324.0,-1.14,-0.0138769005122263,-0.0222175587311888,-0.0053227442110275,1,0.0096257772316516,-0.0143948221247888,SHORT,FLAT,GDX -2.22% (need >0.5%),GDX -2.22% (need >0.5%),0.005,0.0005581924820485,-0.6936546978318946,0.6479029626500541,3522,2026-09-03,-0.0042108524110886
2026-09-07T08:56:51.181964+00:00,2026-09-04,dashboard,ANG,AU,109.07,-2.33,-0.0138769005122263,-0.0222175587311888,-0.0053227442110275,1,0.0014188669111088,-0.0001319879648921,LONG,FLAT,GDX -2.22% (need >0.5%),GDX -2.22% (need >0.5%),0.005,0.0003520375201006,-0.1022466731572166,0.0059407051192726,3596,2026-09-03,0.0016389164663173
2026-09-07T08:56:51.181964+00:00,2026-09-04,dashboard,SSW,SSW.JO,51.84,-0.97,-0.0138769005122263,-0.0222175587311888,-0.0053227442110275,1,0.0068182950353729,-0.0114515288944527,SHORT,FLAT,GDX -2.22% (need >0.5%),GDX -2.22% (need >0.5%),0.005,8.298354592702941e-05,-0.4913413502795984,0.5154269662569726,1588,2026-09-03,-0.0045502503131527
2026-09-09T08:39:36.523294+00:00,2026-09-08,dashboard,PAN,PAN.JO,29.5,-0.17,-0.008137199049198,-0.0086002295571878,0.0014437979187444,1,9.211758818699328e-05,-0.0021945364810395,SHORT,FLAT,GDX -0.86% (need >0.5%),GDX -0.86% (need >0.5%),0.005,0.0020287439035551,-0.011320552395246,0.2551718493613274,3523,2026-09-04,-7.367498929743447e-05
2026-09-09T08:39:36.523294+00:00,2026-09-08,dashboard,SSW,SSW.JO,53.51,3.22,-0.008137199049198,-0.0086002295571878,0.0014437979187444,1,0.0040162941847271,-0.0044327424724065,SHORT,FLAT,GDX -0.86% (need >0.5%),GDX -0.86% (need >0.5%),0.005,0.0001071879815599,-0.4935720707388815,0.5154214132228319,1589,2026-09-04,-0.0003092603061194
2026-09-09T08:39:36.523294+00:00,2026-09-08,dashboard,HAR,HAR.JO,328.67,1.44,-0.008137199049198,-0.0086002295571878,0.0014437979187444,1,0.0056496696737689,-0.0055721205640341,LONG,FLAT,GDX -0.86% (need >0.5%),GDX -0.86% (need >0.5%),0.005,0.0005636173986146,-0.6943015206597023,0.6479037015212062,3523,2026-09-04,0.0006411665083494
2026-09-09T08:39:36.523294+00:00,2026-09-08,dashboard,ANG,AU,107.83,-1.14,-0.008137199049198,-0.0086002295571878,0.0014437979187444,1,0.0008283422324536,-5.109069446468753e-05,LONG,FLAT,GDX -0.86% (need >0.5%),GDX -0.86% (need >0.5%),0.005,0.0003482840617736,-0.1017969730671957,0.005940619854965,3597,2026-09-04,0.0011255355997625
2026-09-09T08:39:36.523294+00:00,2026-09-08,dashboard,DRD,DRD.JO,45.54,-1.47,-0.008137199049198,-0.0086002295571878,0.0014437979187444,1,0.0045476251780948,-0.0046698329651445,LONG,FLAT,GDX -0.86% (need >0.5%),GDX -0.86% (need >0.5%),0.005,0.0006813414360011,-0.5588686169036342,0.5429893393068299,3523,2026-09-04,0.0005591336489515
2026-09-09T08:39:36.523294+00:00,2026-09-08,dashboard,GFI,GFI.JO,779.48,1.66,-0.008137199049198,-0.0086002295571878,0.0014437979187444,1,0.0055733531693833,-0.0053717302489714,LONG,FLAT,GDX -0.86% (need >0.5%),GDX -0.86% (need >0.5%),0.005,0.0008186192664581,-0.6849228015299216,0.624603124050557,3523,2026-09-04,0.00102024218687
2026-09-10T08:40:10.876732+00:00,2026-09-09,dashboard,HAR,HAR.JO,326.09,-0.78,0.0050171158035468,0.0107136413127246,0.0014805030928513,1,-0.0034876009710966,0.0069427012137189,LONG,FLAT,|forecast| 0.40% < 0.5%,|forecast| 0.40% < 0.5%,0.005,0.0005726747886901,-0.6951406161745695,0.6480244214889865,3524,2026-09-08,0.0040277750313123
2026-09-10T08:40:10.876732+00:00,2026-09-09,dashboard,SSW,SSW.JO,52.84,-1.25,0.0050171158035468,0.0107136413127246,0.0014805030928513,1,-0.0024762906527346,0.0055220338921672,LONG,FLAT,|forecast| 0.32% < 0.5%,|forecast| 0.32% < 0.5%,0.005,0.0001071426630329,-0.4935685660243319,0.5154208294810737,1590,2026-09-08,0.0031528859024656
2026-09-10T08:40:10.876732+00:00,2026-09-09,dashboard,PAN,PAN.JO,29.68,0.61,0.0050171158035468,0.0107136413127246,0.0014805030928513,1,-5.148440517805931e-05,0.0027321876740097,LONG,FLAT,|forecast| 0.47% < 0.5%,|forecast| 0.47% < 0.5%,0.005,0.0020173149836046,-0.0102617534045482,0.2550195208387955,3524,2026-09-08,0.0046980182524363
2026-09-10T08:40:10.876732+00:00,2026-09-09,dashboard,DRD,DRD.JO,45.67,0.29,0.0050171158035468,0.0107136413127246,0.0014805030928513,1,-0.0027993661302191,0.0058159974857589,LONG,FLAT,|forecast| 0.37% < 0.5%,|forecast| 0.37% < 0.5%,0.005,0.0006715684624621,-0.5579632282436372,0.5428590817998749,3524,2026-09-08,0.0036881998180018
2026-09-10T08:40:10.876732+00:00,2026-09-09,dashboard,GFI,GFI.JO,770.8,-1.11,0.0050171158035468,0.0107136413127246,0.0014805030928513,1,-0.0034324148434843,0.0066905688620071,LONG,FLAT,|forecast| 0.41% < 0.5%,|forecast| 0.41% < 0.5%,0.005,0.0008101807953066,-0.684141043955543,0.6244906532441719,3524,2026-09-08,0.0040683348138294
2026-09-10T08:40:10.876732+00:00,2026-09-09,dashboard,ANG,AU,108.53,0.65,0.0050171158035468,0.0107136413127246,0.0014805030928513,1,-0.0005114366128055,6.386309472266907e-05,SHORT,FLAT,|forecast| 0.01% < 0.5%,|forecast| 0.01% < 0.5%,0.005,0.0003498019530652,-0.1019383711342763,0.0059609140215305,3598,2026-09-08,-9.77715650177239e-05
2026-09-11T08:36:10.204104+00:00,2026-09-10,dashboard,HAR,HAR.JO,333.77,2.36,-0.0117306737815265,-0.0351954734981996,0.0020376713040173,1,0.0081526678183296,-0.0228054831847656,SHORT,FLAT,GDX -3.52% (need >0.5%),GDX -3.52% (need >0.5%),0.005,0.0005673641725297,-0.6949871738116533,0.6479663694802172,3525,2026-09-09,-0.0140854511939062
2026-09-11T08:36:10.204104+00:00,2026-09-10,dashboard,PAN,PAN.JO,29.54,-0.47,-0.0117306737815265,-0.0351954734981996,0.0020376713040173,1,0.000138737761257,-0.0089732077559269,SHORT,FLAT,GDX -3.52% (need >0.5%),GDX -3.52% (need >0.5%),0.005,0.0020046268863309,-0.0118269217813843,0.2549534603188652,3525,2026-09-09,-0.0068298431083389
2026-09-11T08:36:10.204104+00:00,2026-09-10,dashboard,SSW,SSW.JO,52.64,-0.38,-0.0117306737815265,-0.0351954734981996,0.0020376713040173,1,0.0057913273440313,-0.0181333818172107,SHORT,FLAT,GDX -3.52% (need >0.5%),GDX -3.52% (need >0.5%),0.005,8.617461149308328e-05,-0.4936909381242481,0.5152191465228716,1591,2026-09-09,-0.0122558798616862
2026-09-11T08:36:10.204104+00:00,2026-09-10,dashboard,DRD,DRD.JO,44.18,-3.26,-0.0117306737815265,-0.0351954734981996,0.0020376713040173,1,0.006547926950693,-0.0191036656974574,SHORT,FLAT,GDX -3.52% (need >0.5%),GDX -3.52% (need >0.5%),0.005,0.0006634447603697,-0.5581884785684391,0.5427875746133851,3525,2026-09-09,-0.0118922939863947
2026-09-11T08:36:10.204104+00:00,2026-09-10,dashboard,ANG,AU,103.88,-4.28,-0.0117306737815265,-0.0351954734981996,0.0020376713040173,1,0.0011997233938576,-0.0002060094726392,LONG,FLAT,GDX -3.52% (need >0.5%),GDX -3.52% (need >0.5%),0.005,0.0003377757477224,-0.102272334582088,0.0058532945337344,3599,2026-09-09,0.0013314896689408
2026-09-11T08:36:10.204104+00:00,2026-09-10,dashboard,GFI,GFI.JO,741.0,-3.87,-0.0117306737815265,-0.0351954734981996,0.0020376713040173,1,0.0080236795961216,-0.0219759803641094,SHORT,FLAT,GDX -3.52% (need >0.5%),GDX -3.52% (need >0.5%),0.005,0.0008013327936867,-0.6839913670395762,0.6243979176820459,3525,2026-09-09,-0.013150967974301
2026-09-14T09:35:32.273356+00:00,2026-09-11,dashboard,HAR,HAR.JO,335.41,1.77,0.0003894751385242,0.0110807296445738,0.0101135874210211,1,-0.0002707907933761,0.0071748726611878,LONG,LONG,gdx_up,Filters OK,0.005,0.0005746223120245,-0.6952710624925029,0.6475090441992055,3526,2026-09-10,0.0074787041798362
2026-09-14T09:35:32.273356+00:00,2026-09-11,dashboard,SSW,SSW.JO,51.12,0.24,0.0003894751385242,0.0110807296445738,0.0101135874210211,1,-0.0001923186287531,0.0057037168585843,LONG,LONG,gdx_up,Filters OK,0.005,9.2924636672019e-05,-0.4937892299926295,0.5147419927691677,1592,2026-09-10,0.0056043228665031
2026-09-14T09:35:32.273356+00:00,2026-09-11,dashboard,PAN,PAN.JO,27.06,-2.42,0.0003894751385242,0.0110807296445738,0.0101135874210211,1,-4.516240413782815e-06,0.0028281522447676,LONG,FLAT,|forecast| 0.48% < 0.5%,|forecast| 0.48% < 0.5%,0.005,0.0020032105745954,-0.0115957091148228,0.2552315899298754,3526,2026-09-10,0.0048268465789493
2026-09-14T09:35:32.273356+00:00,2026-09-11,dashboard,ANG,AU,104.42,0.52,0.0003894751385242,0.0110807296445738,0.0101135874210211,1,-3.98433724275312e-05,6.426977517548007e-05,LONG,FLAT,|forecast| 0.04% < 0.5%,|forecast| 0.04% < 0.5%,0.005,0.0003388656261043,-0.1023001688336206,0.0058001392721419,3600,2026-09-10,0.0003632920288523
2026-09-14T09:35:32.273356+00:00,2026-09-11,dashboard,DRD,DRD.JO,43.78,2.22,0.0003894751385242,0.0110807296445738,0.0101135874210211,1,-0.000217514891996,0.0060090962025383,LONG,LONG,gdx_up,Filters OK,0.005,0.0006715751431469,-0.558482096752483,0.5423014905413662,3526,2026-09-10,0.0064631564536892
2026-09-14T09:35:32.273356+00:00,2026-09-11,dashboard,GFI,GFI.JO,731.15,0.09,0.0003894751385242,0.0110807296445738,0.0101135874210211,1,-0.0002664333909927,0.0069166531278427,LONG,LONG,gdx_up,Filters OK,0.005,0.000805798008346,-0.6840831792301074,0.6242055667543294,3526,2026-09-10,0.0074560177451959
2026-09-15T09:12:57.768136+00:00,2026-09-14,dashboard,ANG,AU,100.48,-3.77,-0.0130126941802117,-0.0309583300932185,-0.0014996863836955,1,0.0013461664814589,-0.0001843152138511,LONG,FLAT,GDX -3.10% (need >0.5%),GDX -3.10% (need >0.5%),0.005,0.0003286270644762,-0.1034502511790443,0.0059536549063274,3601,2026-09-11,0.001490478332084
2026-09-15T09:12:57.768136+00:00,2026-09-14,dashboard,GFI,GFI.JO,701.8,-4.01,-0.0130126941802117,-0.0309583300932185,-0.0014996863836955,1,0.0089185609894948,-0.0193297206283085,SHORT,FLAT,GDX -3.10% (need >0.5%),GDX -3.10% (need >0.5%),0.005,0.0007942478975172,-0.685373902282067,0.62437865899436,3527,2026-09-11,-0.0096169117412964
2026-09-15T09:12:57.768136+00:00,2026-09-14,dashboard,DRD,DRD.JO,41.23,-5.82,-0.0130126941802117,-0.0309583300932185,-0.0014996863836955,1,0.0072919013757966,-0.0167965794528409,SHORT,FLAT,GDX -3.10% (need >0.5%),GDX -3.10% (need >0.5%),0.005,0.000654696301917,-0.5603683045810288,0.5425544401866901,3527,2026-09-11,-0.0088499817751272
2026-09-15T09:12:57.768136+00:00,2026-09-14,dashboard,PAN,PAN.JO,25.65,-5.21,-0.0130126941802117,-0.0309583300932185,-0.0014996863836955,1,0.0001743053736225,-0.0079090139669602,SHORT,FLAT,GDX -3.10% (need >0.5%),GDX -3.10% (need >0.5%),0.005,0.0019871092842974,-0.0133950257501372,0.2554728870435021,3527,2026-09-11,-0.0057475993090402
2026-09-15T09:12:57.768136+00:00,2026-09-14,dashboard,SSW,SSW.JO,47.84,-6.42,-0.0130126941802117,-0.0309583300932185,-0.0014996863836955,1,0.0064728997146243,-0.0159537152208172,SHORT,FLAT,GDX -3.10% (need >0.5%),GDX -3.10% (need >0.5%),0.005,5.261137319899712e-05,-0.4974296348612891,0.5153286747954109,1593,2026-09-11,-0.0094282041329938
2026-09-15T09:12:57.768136+00:00,2026-09-14,dashboard,HAR,HAR.JO,316.79,-5.55,-0.0130126941802117,-0.0309583300932185,-0.0014996863836955,1,0.0090706027332319,-0.0200532175393245,SHORT,FLAT,GDX -3.10% (need >0.5%),GDX -3.10% (need >0.5%),0.005,0.0005586316916131,-0.6970580117855615,0.6477486827920744,3527,2026-09-11,-0.0104239831144794
2026-09-16T09:05:17.195026+00:00,2026-09-15,dashboard,SSW,SSW.JO,47.57,-0.56,-0.0043985696904567,-0.0001062531090267,0.0043075757522199,1,0.0021439126519797,-5.44400523569982e-05,LONG,FLAT,GDX -0.01% (need >0.5%),GDX -0.01% (need >0.5%),0.005,5.024758305641545e-05,-0.4874113184181853,0.5123619709167564,1594,2026-09-14,0.0021397201826791
2026-09-16T09:05:17.195026+00:00,2026-09-15,dashboard,HAR,HAR.JO,314.19,-0.82,-0.0043985696904567,-0.0001062531090267,0.0043075757522199,1,0.0030264104491178,-6.857634936073026e-05,LONG,FLAT,GDX -0.01% (need >0.5%),GDX -0.01% (need >0.5%),0.005,0.0005570171766072,-0.6880442193934282,0.645405579082312,3528,2026-09-14,0.0035148512763643
2026-09-16T09:05:17.195026+00:00,2026-09-15,dashboard,PAN,PAN.JO,25.35,-1.17,-0.0043985696904567,-0.0001062531090267,0.0043075757522199,1,4.60653534217167e-05,-2.706320147223777e-05,LONG,FLAT,GDX -0.01% (need >0.5%),GDX -0.01% (need >0.5%),0.005,0.0019848261573699,-0.0104728029026484,0.2547050314115013,3528,2026-09-14,0.0020038283093194
2026-09-16T09:05:17.195026+00:00,2026-09-15,dashboard,ANG,AU,100.71,0.23,-0.0043985696904567,-0.0001062531090267,0.0043075757522199,1,0.0004477107264874,-5.852855854773844e-07,LONG,FLAT,GDX -0.01% (need >0.5%),GDX -0.01% (need >0.5%),0.005,0.0003285059467423,-0.1017855252944676,0.0055084090323401,3602,2026-09-14,0.0007756313876443
2026-09-16T09:05:17.195026+00:00,2026-09-15,dashboard,DRD,DRD.JO,40.95,-0.68,-0.0043985696904567,-0.0001062531090267,0.0043075757522199,1,0.0024153675553814,-5.732262426607487e-05,LONG,FLAT,GDX -0.01% (need >0.5%),GDX -0.01% (need >0.5%),0.005,0.0006527295513134,-0.5491256761537605,0.539491265630852,3528,2026-09-14,0.0030107744824288
2026-09-16T09:05:17.195026+00:00,2026-09-15,dashboard,GFI,GFI.JO,696.43,-0.77,-0.0043985696904567,-0.0001062531090267,0.0043075757522199,1,0.0029862209466487,-6.61725906866359e-05,LONG,FLAT,GDX -0.01% (need >0.5%),GDX -0.01% (need >0.5%),0.005,0.0007930493964973,-0.6789072714086445,0.622782630011821,3528,2026-09-14,0.0037130977524594
2026-09-17T09:13:41.787215+00:00,2026-09-16,dashboard,ANG,AU,99.74,-0.96,0.0125456495738838,-0.0142301037030483,0.0011761316694349,1,-0.0012742807106661,-7.751086552343624e-05,SHORT,FLAT,GDX -1.42% (need >0.5%),GDX -1.42% (need >0.5%),0.005,0.0003255630522833,-0.1015715211206622,0.0054469642063699,3603,2026-09-15,-0.0010262285239062
2026-09-17T09:13:41.787215+00:00,2026-09-16,dashboard,SSW,SSW.JO,46.29,-2.69,0.0125456495738838,-0.0142301037030483,0.0011761316694349,1,-0.0060996905089302,-0.0072855231503948,SHORT,FLAT,GDX -1.42% (need >0.5%),GDX -1.42% (need >0.5%),0.005,3.134381432919568e-05,-0.4861996561443873,0.5119796244938225,1595,2026-09-15,-0.0133538698449959
2026-09-17T09:13:41.787215+00:00,2026-09-16,dashboard,DRD,DRD.JO,42.24,3.15,0.0125456495738838,-0.0142301037030483,0.0011761316694349,1,-0.0068964356057688,-0.0076793917176748,SHORT,FLAT,GDX -1.42% (need >0.5%),GDX -1.42% (need >0.5%),0.005,0.0006607744935184,-0.5497073360095329,0.5396581696048902,3529,2026-09-15,-0.0139150528299252
2026-09-17T09:13:41.787215+00:00,2026-09-16,dashboard,PAN,PAN.JO,26.77,5.6,0.0125456495738838,-0.0142301037030483,0.0011761316694349,1,-0.0001450679019787,-0.003628931386587,SHORT,FLAT,GDX -1.42% (need >0.5%),GDX -1.42% (need >0.5%),0.005,0.0019999075001323,-0.0115632037324534,0.2550179157028669,3529,2026-09-15,-0.0017740917884334
2026-09-17T09:13:41.787215+00:00,2026-09-16,dashboard,GFI,GFI.JO,698.5,0.3,0.0125456495738838,-0.0142301037030483,0.0011761316694349,1,-0.0085171385416336,-0.0088621982099863,SHORT,FLAT,GDX -1.42% (need >0.5%),GDX -1.42% (need >0.5%),0.005,0.0007928353233979,-0.6788917936432469,0.622778188755426,3529,2026-09-15,-0.0165865014282219
2026-09-17T09:13:41.787215+00:00,2026-09-16,dashboard,HAR,HAR.JO,318.59,1.4,0.0125456495738838,-0.0142301037030483,0.0011761316694349,1,-0.00863466958779,-0.0091850696706858,SHORT,FLAT,GDX -1.42% (need >0.5%),GDX -1.42% (need >0.5%),0.005,0.0005600025352039,-0.6882600647291122,0.6454675146687989,3529,2026-09-15,-0.017259736723272
2026-09-18T08:47:05.824005+00:00,2026-09-17,dashboard,GFI,GFI.JO,698.5,0.3,0.0027768123817946,0.0330678189523885,0.0066873896288814,1,-0.0018778386554477,0.0205607082613639,LONG,LONG,gdx_up,Filters OK,0.005,0.0008022892959704,-0.6762569440266449,0.6217739455682738,3530,2026-09-16,0.0194851589018866
2026-09-18T08:47:05.824005+00:00,2026-09-17,dashboard,ANG,AU,102.36,2.63,0.0027768123817946,0.0330678189523885,0.0066873896288814,1,-0.0002764943323327,0.0001548836659031,LONG,FLAT,|forecast| 0.02% < 0.5%,|forecast| 0.02% < 0.5%,0.005,0.0003326879402707,-0.0995725653434352,0.0046838186130795,3604,2026-09-16,0.0002110772738411
2026-09-18T08:47:05.824005+00:00,2026-09-17,dashboard,DRD,DRD.JO,42.24,3.15,0.0027768123817946,0.0330678189523885,0.0066873896288814,1,-0.0015198892970796,0.0178156128588868,LONG,LONG,gdx_up,Filters OK,0.005,0.0006692313896408,-0.5473503744957383,0.5387598403311072,3530,2026-09-16,0.0169649549514479
2026-09-18T08:47:05.824005+00:00,2026-09-17,dashboard,SSW,SSW.JO,46.29,-2.69,0.0027768123817946,0.0330678189523885,0.0066873896288814,1,-0.0013324964277706,0.0168412856108922,LONG,LONG,gdx_up,Filters OK,0.005,5.637866600662384e-05,-0.4798654876745561,0.5092953253173598,1596,2026-09-16,0.0155651678491282
2026-09-18T08:47:05.824005+00:00,2026-09-17,dashboard,HAR,HAR.JO,318.59,1.4,0.0027768123817946,0.0330678189523885,0.0066873896288814,1,-0.0019010155592439,0.0212981180525704,LONG,LONG,gdx_up,Filters OK,0.005,0.0005731223645301,-0.6846035301871397,0.6440738678059094,3530,2026-09-16,0.0199702248578566
2026-09-18T08:47:05.824005+00:00,2026-09-17,dashboard,PAN,PAN.JO,26.77,5.6,0.0027768123817946,0.0330678189523885,0.0066873896288814,1,-2.0627458607316345e-05,0.008380774415627,LONG,LONG,gdx_up,Filters OK,0.005,0.0020147431435944,-0.0074284668069598,0.2534420073998161,3530,2026-09-16,0.0103748901006141
2026-09-21T09:38:17.761417+00:00,2026-09-18,dashboard,SSW,SSW.JO,46.45,-1.94,0.0057112560909917,-0.0045976550007358,-0.0074370210502578,1,-0.0027312868888373,-0.002334800133723,SHORT,FLAT,GDX -0.46% (need >0.5%),GDX -0.46% (need >0.5%),0.005,3.018499378059573e-05,-0.4782287548172343,0.5078241262881537,1597,2026-09-17,-0.0050359020287797
2026-09-21T09:38:17.761417+00:00,2026-09-18,dashboard,PAN,PAN.JO,28.1,1.66,0.0057112560909917,-0.0045976550007358,-0.0074370210502578,1,-5.265017009637003e-05,-0.0011687157100136,LONG,FLAT,GDX -0.46% (need >0.5%),GDX -0.46% (need >0.5%),0.005,0.0020107833256784,-0.0092186673575037,0.2541982184019099,3531,2026-09-17,0.0007894174455684
2026-09-21T09:38:17.761417+00:00,2026-09-18,dashboard,HAR,HAR.JO,319.71,-1.91,0.0057112560909917,-0.0045976550007358,-0.0074370210502578,1,-0.0039063205450833,-0.0029579387777572,SHORT,FLAT,GDX -0.46% (need >0.5%),GDX -0.46% (need >0.5%),0.005,0.0005596055696024,-0.6839687247162125,0.6433581417665752,3531,2026-09-17,-0.0063046537532381
2026-09-21T09:38:17.761417+00:00,2026-09-18,dashboard,GFI,GFI.JO,688.78,-2.55,0.0057112560909917,-0.0045976550007358,-0.0074370210502578,1,-0.0038566715361186,-0.0028544646940943,SHORT,FLAT,GDX -0.46% (need >0.5%),GDX -0.46% (need >0.5%),0.005,0.0007875553346542,-0.675275539158844,0.6208523026711503,3531,2026-09-17,-0.0059235808955588
2026-09-21T09:38:17.761417+00:00,2026-09-18,dashboard,ANG,AU,103.29,0.91,0.0057112560909917,-0.0045976550007358,-0.0074370210502578,1,-0.0005703006264157,-2.251587017458323e-05,SHORT,FLAT,GDX -0.46% (need >0.5%),GDX -0.46% (need >0.5%),0.005,0.0003351634488084,-0.0998555514460771,0.0048972509183441,3605,2026-09-17,-0.0002576530477818
2026-09-21T09:38:17.761417+00:00,2026-09-18,dashboard,DRD,DRD.JO,42.41,-0.21,0.0057112560909917,-0.0045976550007358,-0.0074370210502578,1,-0.0031273493182254,-0.0024763683810704,SHORT,FLAT,GDX -0.46% (need >0.5%),GDX -0.46% (need >0.5%),0.005,0.000660736748166,-0.5475764470022949,0.538615529149994,3531,2026-09-17,-0.0049429809511298
2026-09-22T09:02:13.763522+00:00,2026-09-21,dashboard,ANG,AU,101.93,-1.32,-0.0093089403743036,-0.0110580141223834,-0.0010186676973868,1,0.0009332734940329,-5.5766443501960845e-05,LONG,FLAT,GDX -1.11% (need >0.5%),GDX -1.11% (need >0.5%),0.005,0.0003316314919783,-0.1002556098231303,0.0050430794250008,3606,2026-09-18,0.0012091385425093
2026-09-22T09:02:13.763522+00:00,2026-09-21,dashboard,GFI,GFI.JO,680.8,-1.16,-0.0093089403743036,-0.0110580141223834,-0.0010186676973868,1,0.0062877687169642,-0.0068661150246404,LONG,FLAT,GDX -1.11% (need >0.5%),GDX -1.11% (need >0.5%),0.005,0.000785964460868,-0.6754548277396848,0.6209175489061981,3532,2026-09-18,0.0002076181531918
2026-09-22T09:02:13.763522+00:00,2026-09-21,dashboard,DRD,DRD.JO,41.91,-1.18,-0.0093089403743036,-0.0110580141223834,-0.0010186676973868,1,0.0050993712310531,-0.0059568890869834,SHORT,FLAT,GDX -1.11% (need >0.5%),GDX -1.11% (need >0.5%),0.005,0.000658816307498,-0.5477928771710133,0.5386942918553121,3532,2026-09-18,-0.0001987015484321
2026-09-22T09:02:13.763522+00:00,2026-09-21,dashboard,HAR,HAR.JO,314.26,-1.7,-0.0093089403743036,-0.0110580141223834,-0.0010186676973868,1,0.0063701958708317,-0.0071156345667748,SHORT,FLAT,GDX -1.11% (need >0.5%),GDX -1.11% (need >0.5%),0.005,0.0005565822232844,-0.6843094503447522,0.6434821377530586,3532,2026-09-18,-0.0001888564726585
2026-09-22T09:02:13.763522+00:00,2026-09-21,dashboard,PAN,PAN.JO,27.61,-1.74,-0.0093089403743036,-0.0110580141223834,-0.0010186676973868,1,9.117010571474846e-05,-0.0028132420287659,SHORT,FLAT,GDX -1.11% (need >0.5%),GDX -1.11% (need >0.5%),0.005,0.0020056798296514,-0.0097938220730701,0.2544075272133515,3532,2026-09-18,-0.0007163920933996
2026-09-22T09:02:13.763522+00:00,2026-09-21,dashboard,SSW,SSW.JO,45.08,-2.95,-0.0093089403743036,-0.0110580141223834,-0.0010186676973868,1,0.0044656030433225,-0.0056222843164046,SHORT,FLAT,GDX -1.11% (need >0.5%),GDX -1.11% (need >0.5%),0.005,1.5078461685559424e-05,-0.4797112091994237,0.5084352628040195,1598,2026-09-18,-0.0011416028113965
2026-09-24T09:01:02.596748+00:00,2026-09-23,dashboard,PAN,PAN.JO,27.7,-1.67,-0.0133415056385963,-0.0446283815646095,-0.0035945495334201,1,0.0001177772235801,-0.011316570301916,SHORT,FLAT,GDX -4.46% (need >0.5%),GDX -4.46% (need >0.5%),0.005,0.0020036342699834,-0.0088278809581573,0.2535733966855336,3534,2026-09-22,-0.0091951588083525
2026-09-24T09:01:02.596748+00:00,2026-09-23,dashboard,SSW,SSW.JO,43.26,-4.1,-0.0133415056385963,-0.0446283815646095,-0.0035945495334201,1,0.0063043557457542,-0.0224996904807128,SHORT,FLAT,GDX -4.46% (need >0.5%),GDX -4.46% (need >0.5%),0.005,-2.2979678603677304e-05,-0.4725370521536992,0.5041565410150375,1600,2026-09-22,-0.0162183144135622
2026-09-24T09:01:02.596748+00:00,2026-09-23,dashboard,HAR,HAR.JO,305.7,-1.7,-0.0133415056385963,-0.0446283815646095,-0.0035945495334201,1,0.0090947473595099,-0.0286558948829499,SHORT,FLAT,GDX -4.46% (need >0.5%),GDX -4.46% (need >0.5%),0.005,0.0005415479943712,-0.681688229640231,0.6421002482795424,3534,2026-09-22,-0.0190195995290688
2026-09-24T09:01:02.596748+00:00,2026-09-23,dashboard,DRD,DRD.JO,41.93,0.12,-0.0133415056385963,-0.0446283815646095,-0.0035945495334201,1,0.007293670952687,-0.0240128753748646,SHORT,FLAT,GDX -4.46% (need >0.5%),GDX -4.46% (need >0.5%),0.005,0.0006530310959057,-0.5466902424855828,0.5380628768735574,3534,2026-09-22,-0.0160661733262718
2026-09-24T09:01:02.596748+00:00,2026-09-23,dashboard,GFI,GFI.JO,669.53,-1.91,-0.0133415056385963,-0.0446283815646095,-0.0035945495334201,1,0.0089802644177794,-0.0276484823521822,SHORT,FLAT,GDX -4.46% (need >0.5%),GDX -4.46% (need >0.5%),0.005,0.0007741460378911,-0.673107268478003,0.619526888111658,3534,2026-09-22,-0.0178940718965115
2026-09-24T09:01:02.596748+00:00,2026-09-23,dashboard,ANG,AU,98.74,-3.13,-0.0133415056385963,-0.0446283815646095,-0.0035945495334201,1,0.0013252251996979,-0.0002203841166533,LONG,FLAT,GDX -4.46% (need >0.5%),GDX -4.46% (need >0.5%),0.005,0.0003222633356591,-0.0993310077285535,0.0049382054407305,3607,2026-09-22,0.0014271044187037
2026-09-25T09:24:05.724394+00:00,2026-09-24,dashboard,HAR,HAR.JO,305.7,-1.7,-0.004735142447295,-0.0130172254989595,0.0126887079304012,1,0.00322817296998,-0.008350273469008,SHORT,FLAT,GDX -1.30% (need >0.5%),GDX -1.30% (need >0.5%),0.005,0.0005505939558767,-0.6817478050368216,0.6414787444279483,3535,2026-09-23,-0.0045715065431512
2026-09-25T09:24:05.724394+00:00,2026-09-24,dashboard,SSW,SSW.JO,43.26,-4.1,-0.004735142447295,-0.0130172254989595,0.0126887079304012,1,0.0022364392589854,-0.0065492094046016,SHORT,FLAT,GDX -1.30% (need >0.5%),GDX -1.30% (need >0.5%),0.005,-7.5181496800651375e-06,-0.4723066484014777,0.5031186872444605,1601,2026-09-23,-0.0043202882952962
2026-09-25T09:24:05.724394+00:00,2026-09-24,dashboard,PAN,PAN.JO,27.7,-1.67,-0.004735142447295,-0.0130172254989595,0.0126887079304012,1,4.164746180103948e-05,-0.0033052332430991,SHORT,FLAT,GDX -1.30% (need >0.5%),GDX -1.30% (need >0.5%),0.005,0.0019987020199188,-0.0087953978712574,0.2539122675076466,3535,2026-09-23,-0.0012648837613793
2026-09-25T09:24:05.724394+00:00,2026-09-24,dashboard,DRD,DRD.JO,41.93,0.12,-0.004735142447295,-0.0130172254989595,0.0126887079304012,1,0.0025887423690331,-0.0070016137866026,SHORT,FLAT,GDX -1.30% (need >0.5%),GDX -1.30% (need >0.5%),0.005,0.0006557951303946,-0.5467084460177081,0.5378729735581713,3535,2026-09-23,-0.0037570762871748
2026-09-25T09:24:05.724394+00:00,2026-09-24,dashboard,GFI,GFI.JO,669.53,-1.91,-0.004735142447295,-0.0130172254989595,0.0126887079304012,1,0.0031874540089451,-0.008058922788836,SHORT,FLAT,GDX -1.30% (need >0.5%),GDX -1.30% (need >0.5%),0.005,0.0007804057978335,-0.6731484943533182,0.6190968105669024,3535,2026-09-23,-0.0040910629820573
2026-09-25T09:24:05.724394+00:00,2026-09-24,dashboard,ANG,AU,98.49,-0.25,-0.004735142447295,-0.0130172254989595,0.0126887079304012,1,0.0004703122576621,-6.529104947100917e-05,LONG,FLAT,GDX -1.30% (need >0.5%),GDX -1.30% (need >0.5%),0.005,0.000321146791905,-0.0993237823142572,0.0050157423696952,3608,2026-09-23,0.0007261680000961
2026-09-28T10:36:55.228592+00:00,2026-09-25,dashboard,DRD,DRD.JO,41.12,-1.93,0.0053833884390446,0.0056150052399299,0.0038002008288531,1,-0.0029430108299439,0.0030216078113377,LONG,FLAT,|forecast| 0.07% < 0.5%,|forecast| 0.07% < 0.5%,0.005,0.0006520410531872,-0.5466837222071632,0.5381308978752438,3535,2026-09-24,0.0007306380345809
2026-09-28T10:36:55.228592+00:00,2026-09-25,dashboard,PAN,PAN.JO,26.49,-4.37,0.0053833884390446,0.0056150052399299,0.0038002008288531,1,-4.716206342163038e-05,0.0014277532514976,LONG,FLAT,|forecast| 0.34% < 0.5%,|forecast| 0.34% < 0.5%,0.005,0.0019934281822768,-0.0087606651378848,0.2542746071445274,3535,2026-09-24,0.0033740193703528
2026-09-28T10:36:55.228592+00:00,2026-09-25,dashboard,GFI,GFI.JO,657.52,-1.79,0.0053833884390446,0.0056150052399299,0.0038002008288531,1,-0.0036235957784952,0.0034786696697305,LONG,FLAT,|forecast| 0.06% < 0.5%,|forecast| 0.06% < 0.5%,0.005,0.0007740865565027,-0.6731068767421662,0.6195309747874634,3535,2026-09-24,0.000629160447738
2026-09-28T10:36:55.228592+00:00,2026-09-25,dashboard,ANG,AU,99.03,0.55,0.0053833884390446,0.0056150052399299,0.0038002008288531,1,-0.0005262103479653,1.860837818929666e-05,SHORT,FLAT,|forecast| 0.02% < 0.5%,|forecast| 0.02% < 0.5%,0.005,0.0003222449742243,-0.0977470516800983,0.0033140446703356,3610,2026-09-24,-0.0001853569955516
2026-09-28T10:36:55.228592+00:00,2026-09-25,dashboard,HAR,HAR.JO,305.64,-0.02,0.0053833884390446,0.0056150052399299,0.0038002008288531,1,-0.0036699845616171,0.0036033067992229,LONG,FLAT,|forecast| 0.05% < 0.5%,|forecast| 0.05% < 0.5%,0.005,0.0005469641943044,-0.681723899951103,0.6417281276246606,3535,2026-09-24,0.0004802864319101
2026-09-28T10:36:55.228592+00:00,2026-09-25,dashboard,SSW,SSW.JO,43.16,-0.23,0.0053833884390446,0.0056150052399299,0.0038002008288531,1,-0.0025431264228358,0.0028274396684245,LONG,FLAT,|forecast| 0.03% < 0.5%,|forecast| 0.03% < 0.5%,0.005,-1.3953702630427002e-05,-0.4724025493666877,0.5035506731708386,1601,2026-09-24,0.0002703595429582
2026-09-30T10:18:07.285915+00:00,2026-09-29,dashboard,HAR,HAR.JO,292.76,1.21,0.002707274646573,0.0133365483854719,0.0039154649884518,1,-0.0018535132762414,0.0085606283150423,LONG,LONG,gdx_up,Filters OK,0.005,0.000538233378416,-0.684641759042672,0.6418923448264751,3537,2026-09-28,0.0072453484172169
2026-09-30T10:18:07.285915+00:00,2026-09-29,dashboard,PAN,PAN.JO,25.9,1.45,0.002707274646573,0.0133365483854719,0.0039154649884518,1,-3.187991294044219e-05,0.00339295060902,LONG,LONG,gdx_up,Filters OK,0.005,0.0019901164875507,-0.0117756478755477,0.2544099500824438,3537,2026-09-28,0.0053511871836303
2026-09-30T10:18:07.285915+00:00,2026-09-29,dashboard,SSW,SSW.JO,41.44,0.12,0.002707274646573,0.0133365483854719,0.0039154649884518,1,-0.0012870664362372,0.0067186135990724,LONG,LONG,gdx_up,Filters OK,0.005,-3.11895662638876e-05,-0.4754103680860051,0.5037745453232385,1603,2026-09-28,0.0054003575965714
2026-09-30T10:18:07.285915+00:00,2026-09-29,dashboard,ANG,AU,94.63,2.0,0.002707274646573,0.0133365483854719,0.0039154649884518,1,-0.000271331221445,4.647493938286426e-05,LONG,FLAT,|forecast| 0.01% < 0.5%,|forecast| 0.01% < 0.5%,0.005,0.0003092768599758,-0.1002230127588098,0.0034847801724688,3612,2026-09-28,8.442057791359917e-05
2026-09-30T10:18:07.285915+00:00,2026-09-29,dashboard,GFI,GFI.JO,603.28,4.3,0.002707274646573,0.0133365483854719,0.0039154649884518,1,-0.001840487314203,0.0082674729663252,LONG,LONG,gdx_up,Filters OK,0.005,0.0007536985395468,-0.6798302922582171,0.6199109940118649,3537,2026-09-28,0.007180684191669
2026-09-30T10:18:07.285915+00:00,2026-09-29,dashboard,DRD,DRD.JO,40.23,0.57,0.002707274646573,0.0133365483854719,0.0039154649884518,1,-0.0014849559986009,0.0071780065514721,LONG,LONG,gdx_up,Filters OK,0.005,0.0006487066067726,-0.5485058564267292,0.5382207107868668,3537,2026-09-28,0.0063417571596438
2026-10-01T10:44:12.439412+00:00,2026-09-30,dashboard,GFI,GFI.JO,596.53,-1.12,0.0016733604194367,-0.0143610386183992,-0.0008885225841415,1,-0.001137405333677,-0.0089004990222786,SHORT,FLAT,GDX -1.44% (need >0.5%),GDX -1.44% (need >0.5%),0.005,0.0007484906559449,-0.6797133005332475,0.6197670836199426,3538,2026-09-29,-0.0092894137000108
2026-10-01T10:44:12.439412+00:00,2026-09-30,dashboard,ANG,AU,93.95,-0.72,0.0016733604194367,-0.0143610386183992,-0.0008885225841415,1,-0.0001676324652983,-4.923559591424713e-05,LONG,FLAT,GDX -1.44% (need >0.5%),GDX -1.44% (need >0.5%),0.005,0.0003072578334943,-0.1001771425637133,0.0034284147005333,3613,2026-09-29,9.038977228167892e-05
2026-10-01T10:44:12.439412+00:00,2026-09-30,dashboard,DRD,DRD.JO,40.0,-0.57,0.0016733604194367,-0.0143610386183992,-0.0008885225841415,1,-0.0009177197403975,-0.0077280545043539,SHORT,FLAT,GDX -1.44% (need >0.5%),GDX -1.44% (need >0.5%),0.005,0.0006452948931395,-0.5484292144943139,0.5381264342853929,3538,2026-09-29,-0.008000479351612
2026-10-01T10:44:12.439412+00:00,2026-09-30,dashboard,SSW,SSW.JO,42.41,2.34,0.0016733604194367,-0.0143610386183992,-0.0008885225841415,1,-0.0007960684840845,-0.0072391209573618,SHORT,FLAT,GDX -1.44% (need >0.5%),GDX -1.44% (need >0.5%),0.005,-2.0151770747212e-05,-0.4757304372912342,0.5040805995805302,1604,2026-09-29,-0.0080553412121935
2026-10-01T10:44:12.439412+00:00,2026-09-30,dashboard,HAR,HAR.JO,290.86,-0.65,0.0016733604194367,-0.0143610386183992,-0.0008885225841415,1,-0.0011455063160978,-0.0092166983480596,SHORT,FLAT,GDX -1.44% (need >0.5%),GDX -1.44% (need >0.5%),0.005,0.0005343466728283,-0.6845544467242894,0.6417849427861909,3538,2026-09-29,-0.0098278579913291
2026-10-01T10:44:12.439412+00:00,2026-09-30,dashboard,PAN,PAN.JO,26.0,0.39,0.0016733604194367,-0.0143610386183992,-0.0008885225841415,1,-1.968899712532128e-05,-0.0036534232017657,SHORT,FLAT,GDX -1.44% (need >0.5%),GDX -1.44% (need >0.5%),0.005,0.0019896933553761,-0.0117661424858777,0.2543982575943369,3538,2026-09-29,-0.0016834188435149
2026-10-02T10:19:33.385332+00:00,2026-10-01,dashboard,HAR,HAR.JO,289.8,-0.36,0.0037190671964335,-0.0121464216198861,0.0017464030446001,1,-0.0025453077096159,-0.0077943229432326,SHORT,FLAT,GDX -1.21% (need >0.5%),GDX -1.21% (need >0.5%),0.005,0.0005360712781444,-0.6843941169056641,0.641697051786167,3539,2026-09-30,-0.0098035593747042
2026-10-02T10:19:33.385332+00:00,2026-10-01,dashboard,SSW,SSW.JO,41.85,-1.32,0.0037190671964335,-0.0121464216198861,0.0017464030446001,1,-0.0017702981343204,-0.0061247382880149,SHORT,FLAT,GDX -1.21% (need >0.5%),GDX -1.21% (need >0.5%),0.005,-2.336203792083402e-05,-0.4760059554767037,0.5042421940950561,1605,2026-09-30,-0.0079183984602562
2026-10-02T10:19:33.385332+00:00,2026-10-01,dashboard,PAN,PAN.JO,26.69,2.65,0.0037190671964335,-0.0121464216198861,0.0017464030446001,1,-4.106809574935469e-05,-0.0030852106302082,SHORT,FLAT,GDX -1.21% (need >0.5%),GDX -1.21% (need >0.5%),0.005,0.0019974764385215,-0.0110425796524293,0.254001608601923,3539,2026-09-30,-0.001128802287436
2026-10-02T10:19:33.385332+00:00,2026-10-01,dashboard,ANG,AU,94.2,0.27,0.0037190671964335,-0.0121464216198861,0.0017464030446001,1,-0.0003723216684994,-4.120525877472663e-05,SHORT,FLAT,GDX -1.21% (need >0.5%),GDX -1.21% (need >0.5%),0.005,0.0003079592708125,-0.1001115733688404,0.0033923784357415,3614,2026-09-30,-0.0001055676564616
2026-10-02T10:19:33.385332+00:00,2026-10-01,dashboard,DRD,DRD.JO,40.5,1.25,0.0037190671964335,-0.0121464216198861,0.0017464030446001,1,-0.0020376735785434,-0.0065327807873092,SHORT,FLAT,GDX -1.21% (need >0.5%),GDX -1.21% (need >0.5%),0.005,0.0006509971025743,-0.5478991023602773,0.5378358327866535,3539,2026-09-30,-0.0079194572632784
2026-10-02T10:19:33.385332+00:00,2026-10-01,dashboard,GFI,GFI.JO,598.95,0.41,0.0037190671964335,-0.0121464216198861,0.0017464030446001,1,-0.0025266118625198,-0.0075256470567838,SHORT,FLAT,GDX -1.21% (need >0.5%),GDX -1.21% (need >0.5%),0.005,0.0007522146967104,-0.6793670910121787,0.6195772954614744,3539,2026-09-30,-0.0093000442225932
2026-10-05T11:11:51.051998+00:00,2026-10-02,dashboard,GFI,GFI.JO,592.02,-1.16,-0.0095641887908328,0.0119185565744492,0.0168689342890502,1,0.0064983165489753,0.0073848872194819,LONG,LONG,gdx_up,Filters OK,0.005,0.0007515655651108,-0.6794425215867687,0.6196125489988829,3540,2026-10-01,0.0146347693335682
2026-10-05T11:11:51.051998+00:00,2026-10-02,dashboard,DRD,DRD.JO,40.3,-0.49,-0.0095641887908328,0.0119185565744492,0.0168689342890502,1,0.0052392941960424,0.0064096931610051,LONG,LONG,gdx_up,Filters OK,0.005,0.000651821534162,-0.5478033015266512,0.5377910589228672,3540,2026-10-01,0.0123008088912097
2026-10-05T11:11:51.051998+00:00,2026-10-02,dashboard,ANG,AU,94.92,0.76,-0.0095641887908328,0.0119185565744492,0.0168689342890502,1,0.0009551415200136,3.906381798242807e-05,LONG,FLAT,|forecast| 0.13% < 0.5%,|forecast| 0.13% < 0.5%,0.005,0.000310056890309,-0.0998664435533907,0.0032775628272111,3615,2026-10-01,0.0013042622283051
2026-10-05T11:11:51.051998+00:00,2026-10-02,dashboard,PAN,PAN.JO,26.81,0.45,-0.0095641887908328,0.0119185565744492,0.0168689342890502,1,0.0001038805189195,0.0030263233388534,LONG,LONG,gdx_up,Filters OK,0.005,0.0019990355782434,-0.0108614040554227,0.2539169336445688,3540,2026-10-01,0.0051292394360165
2026-10-05T11:11:51.051998+00:00,2026-10-02,dashboard,HAR,HAR.JO,287.16,-0.91,-0.0095641887908328,0.0119185565744492,0.0168689342890502,1,0.0065454733006772,0.0076479854102135,LONG,LONG,gdx_up,Filters OK,0.005,0.0005362523508991,-0.6843730758379635,0.6416872179479478,3540,2026-10-01,0.01472971106179
2026-10-05T11:11:51.051998+00:00,2026-10-02,dashboard,SSW,SSW.JO,41.55,-0.72,-0.0095641887908328,0.0119185565744492,0.0168689342890502,1,0.004552168829347,0.0060095576846698,LONG,LONG,gdx_up,Filters OK,0.005,-2.292258335007205e-05,-0.4759597420024,0.5042185810950429,1606,2026-10-01,0.0105388039306668
2026-10-06T11:01:37.479334+00:00,2026-10-05,dashboard,DRD,DRD.JO,40.32,0.05,-0.0013222586721131,-0.0041096018640169,-0.0027350685664737,1,0.0007233996022433,-0.0022089925600831,SHORT,FLAT,GDX -0.41% (need >0.5%),GDX -0.41% (need >0.5%),0.005,0.0006483728430237,-0.5470938610577076,0.537519845760426,3541,2026-10-02,-0.000837220114816
2026-10-06T11:01:37.479334+00:00,2026-10-05,dashboard,ANG,AU,94.48,-0.46,-0.0013222586721131,-0.0041096018640169,-0.0027350685664737,1,0.0001315834727584,-1.2915199156666487e-05,LONG,FLAT,GDX -0.41% (need >0.5%),GDX -0.41% (need >0.5%),0.005,0.0003083521863701,-0.099514168848793,0.0031426886554996,3616,2026-10-02,0.0004270204599719
2026-10-06T11:01:37.479334+00:00,2026-10-05,dashboard,PAN,PAN.JO,26.44,-1.38,-0.0013222586721131,-0.0041096018640169,-0.0027350685664737,1,1.2849659328713993e-05,-0.0010417010801233,LONG,FLAT,GDX -0.41% (need >0.5%),GDX -0.41% (need >0.5%),0.005,0.0019934771428556,-0.0097179618479483,0.2534798052444656,3541,2026-10-02,0.000964625722061
2026-10-06T11:01:37.479334+00:00,2026-10-05,dashboard,HAR,HAR.JO,286.19,-0.34,-0.0013222586721131,-0.0041096018640169,-0.0027350685664737,1,0.0009034788474699,-0.0026353687523053,SHORT,FLAT,GDX -0.41% (need >0.5%),GDX -0.41% (need >0.5%),0.005,0.0005309605986897,-0.6832844938170417,0.6412710621386939,3541,2026-10-02,-0.0012009293061455
2026-10-06T11:01:37.479334+00:00,2026-10-05,dashboard,GFI,GFI.JO,594.25,0.38,-0.0013222586721131,-0.0041096018640169,-0.0027350685664737,1,0.0008975345716171,-0.0025453340771246,SHORT,FLAT,GDX -0.41% (need >0.5%),GDX -0.41% (need >0.5%),0.005,0.0007483884456566,-0.6787889469333526,0.6193626928708441,3541,2026-10-02,-0.0008994110598507
2026-10-06T11:01:37.479334+00:00,2026-10-05,dashboard,SSW,SSW.JO,41.4,-0.36,-0.0013222586721131,-0.0041096018640169,-0.0027350685664737,1,0.0006271037812445,-0.0020692416283607,SHORT,FLAT,GDX -0.41% (need >0.5%),GDX -0.41% (need >0.5%),0.005,-3.223918216175915e-05,-0.4742670964996371,0.5035138918148576,1607,2026-10-02,-0.0014743770292779
