run_ts_utc,signal_date,rules_mode,miner,yahoo_ticker,close,pct_change,return_gold_t,return_gdx_t,return_zar_t,forward_horizon_days,gold_contrib,gdx_contrib,signal,signal_high_conv,regime_pass,filter_note,pred_abs_gte,alpha,beta_gold,beta_gdx,n_train,train_end,pred_return_fwd,realized_date,hold_exit_date,realized_day_high,realized_day_high_pct,price_currency,predicted_direction,predicted_direction_forecast,predicted_direction_hiconv,actual_direction,direction_match,realized_return_log,realized_return_pct,pred_return_pct,error_log,error_pct,hit_direction,hit_high_conv
2026-09-10T08:40:10.876732+00:00,2026-09-09,dashboard,PAN,PAN.JO,29.68,0.61,0.0050171158035468,0.0107136413127246,0.0014805030928513,1,-5.148440517805931e-05,0.0027321876740097,LONG,FLAT,|forecast| 0.47% < 0.5%,|forecast| 0.47% < 0.5%,0.005,0.0020173149836046,-0.0102617534045482,0.2550195208387955,3524,2026-09-08,0.0046980182524363,2026-09-10,2026-09-10,29.56,0.07,ZAR,LONG,LONG,FLAT,SHORT,0.0,-0.06323041747554703,-6.127285037237639,0.46980182524363,-0.06792843572798334,-6.5970868624812695,0.0,
2026-09-10T08:40:10.876732+00:00,2026-09-09,dashboard,SSW,SSW.JO,52.84,-1.25,0.0050171158035468,0.0107136413127246,0.0014805030928513,1,-0.0024762906527346,0.0055220338921672,LONG,FLAT,|forecast| 0.32% < 0.5%,|forecast| 0.32% < 0.5%,0.005,0.0001071426630329,-0.4935685660243319,0.5154208294810737,1590,2026-09-08,0.0031528859024656,2026-09-10,2026-09-10,53.1,0.87,ZAR,LONG,LONG,FLAT,SHORT,0.0,-0.03165065429273596,-3.115501519756836,0.31528859024656,-0.03480354019520156,-3.4307901100033957,0.0,
2026-09-10T08:40:10.876732+00:00,2026-09-09,dashboard,HAR,HAR.JO,326.09,-0.78,0.0050171158035468,0.0107136413127246,0.0014805030928513,1,-0.0034876009710966,0.0069427012137189,LONG,FLAT,|forecast| 0.40% < 0.5%,|forecast| 0.40% < 0.5%,0.005,0.0005726747886901,-0.6951406161745695,0.6480244214889865,3524,2026-09-08,0.0040277750313123,2026-09-10,2026-09-10,336.7,0.88,ZAR,LONG,LONG,FLAT,SHORT,0.0,-0.012633016430071503,-1.2553554843155457,0.40277750313123,-0.016660791461383804,-1.6581329874467756,0.0,
2026-09-10T08:40:10.876732+00:00,2026-09-09,dashboard,ANG,AU,108.53,0.65,0.0050171158035468,0.0107136413127246,0.0014805030928513,1,-0.0005114366128055,6.386309472266907e-05,SHORT,FLAT,|forecast| 0.01% < 0.5%,|forecast| 0.01% < 0.5%,0.005,0.0003498019530652,-0.1019383711342763,0.0059609140215305,3598,2026-09-08,-9.77715650177239e-05,2026-09-10,2026-09-10,105.31,-2.97,USD,SHORT,SHORT,FLAT,SHORT,1.0,-0.04379026085571626,-4.284531077287667,-0.00977715650177239,-0.043692489290698536,-4.274753920785895,1.0,
2026-09-10T08:40:10.876732+00:00,2026-09-09,dashboard,GFI,GFI.JO,770.8,-1.11,0.0050171158035468,0.0107136413127246,0.0014805030928513,1,-0.0034324148434843,0.0066905688620071,LONG,FLAT,|forecast| 0.41% < 0.5%,|forecast| 0.41% < 0.5%,0.005,0.0008101807953066,-0.684141043955543,0.6244906532441719,3524,2026-09-08,0.0040683348138294,2026-09-10,2026-09-10,750.0,1.21,ZAR,LONG,LONG,FLAT,SHORT,0.0,-0.014285083452967038,-1.4183535762483102,0.40683348138294007,-0.01835341826679644,-1.82518705763125,0.0,
2026-09-10T08:40:10.876732+00:00,2026-09-09,dashboard,DRD,DRD.JO,45.67,0.29,0.0050171158035468,0.0107136413127246,0.0014805030928513,1,-0.0027993661302191,0.0058159974857589,LONG,FLAT,|forecast| 0.37% < 0.5%,|forecast| 0.37% < 0.5%,0.005,0.0006715684624621,-0.5579632282436372,0.5428590817998749,3524,2026-09-08,0.0036881998180018,2026-09-10,2026-09-10,44.18,0.0,ZAR,LONG,LONG,FLAT,SHORT,0.0,-0.031033406364691457,-3.0556813037573516,0.36881998180018,-0.03472160618269326,-3.4245012855575316,0.0,
2026-09-11T08:36:10.204104+00:00,2026-09-10,dashboard,SSW,SSW.JO,52.64,-0.38,-0.0117306737815265,-0.0351954734981996,0.0020376713040173,1,0.0057913273440313,-0.0181333818172107,SHORT,FLAT,GDX -3.52% (need >0.5%),GDX -3.52% (need >0.5%),0.005,8.617461149308328e-05,-0.4936909381242481,0.5152191465228716,1591,2026-09-09,-0.0122558798616862,2026-09-11,2026-09-11,52.4,2.75,ZAR,SHORT,SHORT,FLAT,LONG,0.0,0.002350177344953673,0.23529411764706687,-1.22558798616862,0.014606057206639874,1.460882103815687,0.0,
2026-09-11T08:36:10.204104+00:00,2026-09-10,dashboard,PAN,PAN.JO,29.54,-0.47,-0.0117306737815265,-0.0351954734981996,0.0020376713040173,1,0.000138737761257,-0.0089732077559269,SHORT,FLAT,GDX -3.52% (need >0.5%),GDX -3.52% (need >0.5%),0.005,0.0020046268863309,-0.0118269217813843,0.2549534603188652,3525,2026-09-09,-0.0068298431083389,2026-09-11,2026-09-11,27.81,0.29,ZAR,SHORT,SHORT,FLAT,SHORT,1.0,-0.024458236885044733,-2.4161557879552875,-0.68298431083389,-0.017628393776705834,-1.7331714771213975,1.0,
2026-09-11T08:36:10.204104+00:00,2026-09-10,dashboard,HAR,HAR.JO,333.77,2.36,-0.0117306737815265,-0.0351954734981996,0.0020376713040173,1,0.0081526678183296,-0.0228054831847656,SHORT,FLAT,GDX -3.52% (need >0.5%),GDX -3.52% (need >0.5%),0.005,0.0005673641725297,-0.6949871738116533,0.6479663694802172,3525,2026-09-09,-0.0140854511939062,2026-09-11,2026-09-11,340.0,3.16,ZAR,SHORT,SHORT,FLAT,LONG,0.0,0.017534547508156046,1.768918016869958,-1.40854511939062,0.031619998702062245,3.1774631362605783,0.0,
2026-09-11T08:36:10.204104+00:00,2026-09-10,dashboard,GFI,GFI.JO,741.0,-3.87,-0.0117306737815265,-0.0351954734981996,0.0020376713040173,1,0.0080236795961216,-0.0219759803641094,SHORT,FLAT,GDX -3.52% (need >0.5%),GDX -3.52% (need >0.5%),0.005,0.0008013327936867,-0.6839913670395762,0.6243979176820459,3525,2026-09-09,-0.013150967974301,2026-09-11,2026-09-11,748.97,2.53,ZAR,SHORT,SHORT,FLAT,LONG,0.0,0.0009030952147682634,0.09035031280373307,-1.3150967974301,0.014054063189069264,1.405447110233833,0.0,
2026-09-11T08:36:10.204104+00:00,2026-09-10,dashboard,ANG,AU,103.88,-4.28,-0.0117306737815265,-0.0351954734981996,0.0020376713040173,1,0.0011997233938576,-0.0002060094726392,LONG,FLAT,GDX -3.52% (need >0.5%),GDX -3.52% (need >0.5%),0.005,0.0003377757477224,-0.102272334582088,0.0058532945337344,3599,2026-09-09,0.0013314896689408,2026-09-11,2026-09-11,106.4,2.43,USD,LONG,LONG,FLAT,LONG,1.0,0.005184850092330241,0.519831468814913,0.13314896689408,0.003853360423389441,0.38668250192083303,1.0,
2026-09-11T08:36:10.204104+00:00,2026-09-10,dashboard,DRD,DRD.JO,44.18,-3.26,-0.0117306737815265,-0.0351954734981996,0.0020376713040173,1,0.006547926950693,-0.0191036656974574,SHORT,FLAT,GDX -3.52% (need >0.5%),GDX -3.52% (need >0.5%),0.005,0.0006634447603697,-0.5581884785684391,0.5427875746133851,3525,2026-09-09,-0.0118922939863947,2026-09-11,2026-09-11,44.11,2.99,ZAR,SHORT,SHORT,FLAT,LONG,0.0,0.02193830046743729,2.2180714452486594,-1.18922939863947,0.03383059445383199,3.4073008438881294,0.0,
2026-09-14T09:35:32.273356+00:00,2026-09-11,dashboard,SSW,SSW.JO,51.12,0.24,0.0003894751385242,0.0110807296445738,0.0101135874210211,1,-0.0001923186287531,0.0057037168585843,LONG,LONG,gdx_up,Filters OK,0.005,9.2924636672019e-05,-0.4937892299926295,0.5147419927691677,1592,2026-09-10,0.0056043228665031,2026-09-14,2026-09-14,50.52,-1.17,ZAR,LONG,LONG,LONG,SHORT,0.0,-0.06631370042690311,-6.416275430359941,0.56043228665031,-0.07191802329340621,-6.976707717010251,0.0,0.0
2026-09-14T09:35:32.273356+00:00,2026-09-11,dashboard,PAN,PAN.JO,27.06,-2.42,0.0003894751385242,0.0110807296445738,0.0101135874210211,1,-4.516240413782815e-06,0.0028281522447676,LONG,FLAT,|forecast| 0.48% < 0.5%,|forecast| 0.48% < 0.5%,0.005,0.0020032105745954,-0.0115957091148228,0.2552315899298754,3526,2026-09-10,0.0048268465789493,2026-09-14,2026-09-14,26.51,-2.03,ZAR,LONG,LONG,FLAT,SHORT,0.0,-0.05351305112586346,-5.210643015521066,0.48268465789493,-0.05833989770481276,-5.693327673415997,0.0,
2026-09-14T09:35:32.273356+00:00,2026-09-11,dashboard,HAR,HAR.JO,335.41,1.77,0.0003894751385242,0.0110807296445738,0.0101135874210211,1,-0.0002707907933761,0.0071748726611878,LONG,LONG,gdx_up,Filters OK,0.005,0.0005746223120245,-0.6952710624925029,0.6475090441992055,3526,2026-09-10,0.0074787041798362,2026-09-14,2026-09-14,332.11,-0.98,ZAR,LONG,LONG,LONG,SHORT,0.0,-0.05711457030524075,-5.551414686503087,0.74787041798362,-0.06459327448507696,-6.299285104486707,0.0,0.0
2026-09-14T09:35:32.273356+00:00,2026-09-11,dashboard,DRD,DRD.JO,43.78,2.22,0.0003894751385242,0.0110807296445738,0.0101135874210211,1,-0.000217514891996,0.0060090962025383,LONG,LONG,gdx_up,Filters OK,0.005,0.0006715751431469,-0.558482096752483,0.5423014905413662,3526,2026-09-10,0.0064631564536892,2026-09-14,2026-09-14,43.34,-1.01,ZAR,LONG,LONG,LONG,SHORT,0.0,-0.060010945375908294,-5.824577432617639,0.64631564536892,-0.0664741018295975,-6.47089307798656,0.0,0.0
2026-09-14T09:35:32.273356+00:00,2026-09-11,dashboard,GFI,GFI.JO,731.15,0.09,0.0003894751385242,0.0110807296445738,0.0101135874210211,1,-0.0002664333909927,0.0069166531278427,LONG,LONG,gdx_up,Filters OK,0.005,0.000805798008346,-0.6840831792301074,0.6242055667543294,3526,2026-09-10,0.0074560177451959,2026-09-14,2026-09-14,731.51,0.05,ZAR,LONG,LONG,LONG,SHORT,0.0,-0.04097017390877337,-4.01422416740751,0.74560177451959,-0.04842619165396927,-4.759825941927099,0.0,0.0
2026-09-14T09:35:32.273356+00:00,2026-09-11,dashboard,ANG,AU,104.42,0.52,0.0003894751385242,0.0110807296445738,0.0101135874210211,1,-3.98433724275312e-05,6.426977517548007e-05,LONG,FLAT,|forecast| 0.04% < 0.5%,|forecast| 0.04% < 0.5%,0.005,0.0003388656261043,-0.1023001688336206,0.0058001392721419,3600,2026-09-10,0.0003632920288523,2026-09-14,2026-09-14,101.61,-2.69,USD,LONG,LONG,FLAT,SHORT,0.0,-0.038462474318066625,-3.7732186181779537,0.03632920288523,-0.03882576634691892,-3.8095478210631835,0.0,
2026-09-15T09:12:57.768136+00:00,2026-09-14,dashboard,ANG,AU,100.48,-3.77,-0.0130126941802117,-0.0309583300932185,-0.0014996863836955,1,0.0013461664814589,-0.0001843152138511,LONG,FLAT,GDX -3.10% (need >0.5%),GDX -3.10% (need >0.5%),0.005,0.0003286270644762,-0.1034502511790443,0.0059536549063274,3601,2026-09-11,0.001490478332084,2026-09-15,2026-09-15,101.45,0.97,USD,LONG,LONG,FLAT,LONG,1.0,0.0022863544404631126,0.2288970141870461,0.1490478332084,0.0007958761083791126,0.0798491809786461,1.0,
2026-09-15T09:12:57.768136+00:00,2026-09-14,dashboard,DRD,DRD.JO,41.23,-5.82,-0.0130126941802117,-0.0309583300932185,-0.0014996863836955,1,0.0072919013757966,-0.0167965794528409,SHORT,FLAT,GDX -3.10% (need >0.5%),GDX -3.10% (need >0.5%),0.005,0.000654696301917,-0.5603683045810288,0.5425544401866901,3527,2026-09-11,-0.0088499817751272,2026-09-15,2026-09-15,41.85,1.5,ZAR,SHORT,SHORT,FLAT,SHORT,1.0,-0.006814336419730165,-0.6791171477079749,-0.88499817751272,0.0020356453553970347,0.2058810298047451,1.0,
2026-09-15T09:12:57.768136+00:00,2026-09-14,dashboard,GFI,GFI.JO,701.8,-4.01,-0.0130126941802117,-0.0309583300932185,-0.0014996863836955,1,0.0089185609894948,-0.0193297206283085,SHORT,FLAT,GDX -3.10% (need >0.5%),GDX -3.10% (need >0.5%),0.005,0.0007942478975172,-0.685373902282067,0.62437865899436,3527,2026-09-11,-0.0096169117412964,2026-09-15,2026-09-15,709.15,1.05,ZAR,SHORT,SHORT,FLAT,SHORT,1.0,-0.007681177492533079,-0.7651752636078646,-0.96169117412964,0.0019357342487633204,0.19651591052177542,1.0,
2026-09-15T09:12:57.768136+00:00,2026-09-14,dashboard,PAN,PAN.JO,25.65,-5.21,-0.0130126941802117,-0.0309583300932185,-0.0014996863836955,1,0.0001743053736225,-0.0079090139669602,SHORT,FLAT,GDX -3.10% (need >0.5%),GDX -3.10% (need >0.5%),0.005,0.0019871092842974,-0.0133950257501372,0.2554728870435021,3527,2026-09-11,-0.0057475993090402,2026-09-15,2026-09-15,25.88,0.9,ZAR,SHORT,SHORT,FLAT,SHORT,1.0,-0.01176484157958637,-1.1695906432748537,-0.57475993090402,-0.0060172422705461704,-0.5948307123708337,1.0,
2026-09-15T09:12:57.768136+00:00,2026-09-14,dashboard,HAR,HAR.JO,316.79,-5.55,-0.0130126941802117,-0.0309583300932185,-0.0014996863836955,1,0.0090706027332319,-0.0200532175393245,SHORT,FLAT,GDX -3.10% (need >0.5%),GDX -3.10% (need >0.5%),0.005,0.0005586316916131,-0.6970580117855615,0.6477486827920744,3527,2026-09-11,-0.0104239831144794,2026-09-15,2026-09-15,320.73,1.24,ZAR,SHORT,SHORT,FLAT,SHORT,1.0,-0.008241195332335314,-0.8207329776823813,-1.04239831144794,0.002182787782144086,0.22166533376555875,1.0,
2026-09-15T09:12:57.768136+00:00,2026-09-14,dashboard,SSW,SSW.JO,47.84,-6.42,-0.0130126941802117,-0.0309583300932185,-0.0014996863836955,1,0.0064728997146243,-0.0159537152208172,SHORT,FLAT,GDX -3.10% (need >0.5%),GDX -3.10% (need >0.5%),0.005,5.261137319899712e-05,-0.4974296348612891,0.5153286747954109,1593,2026-09-11,-0.0094282041329938,2026-09-15,2026-09-15,48.92,2.26,ZAR,SHORT,SHORT,FLAT,SHORT,1.0,-0.005659799198186222,-0.5643812709030138,-0.94282041329938,0.003768404934807579,0.3784391423963662,1.0,
2026-09-16T09:05:17.195026+00:00,2026-09-15,dashboard,PAN,PAN.JO,25.35,-1.17,-0.0043985696904567,-0.0001062531090267,0.0043075757522199,1,4.60653534217167e-05,-2.706320147223777e-05,LONG,FLAT,GDX -0.01% (need >0.5%),GDX -0.01% (need >0.5%),0.005,0.0019848261573699,-0.0104728029026484,0.2547050314115013,3528,2026-09-14,0.0020038283093194,2026-09-16,2026-09-16,27.22,7.38,ZAR,LONG,LONG,FLAT,LONG,1.0,0.054503127495069074,5.601577909270228,0.20038283093194,0.05249929918574967,5.401195078338287,1.0,
2026-09-16T09:05:17.195026+00:00,2026-09-15,dashboard,SSW,SSW.JO,47.57,-0.56,-0.0043985696904567,-0.0001062531090267,0.0043075757522199,1,0.0021439126519797,-5.44400523569982e-05,LONG,FLAT,GDX -0.01% (need >0.5%),GDX -0.01% (need >0.5%),0.005,5.024758305641545e-05,-0.4874113184181853,0.5123619709167564,1594,2026-09-14,0.0021397201826791,2026-09-16,2026-09-16,47.37,-0.42,ZAR,LONG,LONG,FLAT,SHORT,0.0,-0.02727635540101093,-2.6907714946394767,0.21397201826791,-0.02941607558369003,-2.9047435129073866,0.0,
2026-09-16T09:05:17.195026+00:00,2026-09-15,dashboard,HAR,HAR.JO,314.19,-0.82,-0.0043985696904567,-0.0001062531090267,0.0043075757522199,1,0.0030264104491178,-6.857634936073026e-05,LONG,FLAT,GDX -0.01% (need >0.5%),GDX -0.01% (need >0.5%),0.005,0.0005570171766072,-0.6880442193934282,0.645405579082312,3528,2026-09-14,0.0035148512763643,2026-09-16,2026-09-16,326.95,4.06,ZAR,LONG,LONG,FLAT,LONG,1.0,0.013907111210669018,1.4004264935230326,0.35148512763643003,0.010392259934304718,1.0489413658866025,1.0,
2026-09-16T09:05:17.195026+00:00,2026-09-15,dashboard,ANG,AU,100.71,0.23,-0.0043985696904567,-0.0001062531090267,0.0043075757522199,1,0.0004477107264874,-5.852855854773844e-07,LONG,FLAT,GDX -0.01% (need >0.5%),GDX -0.01% (need >0.5%),0.005,0.0003285059467423,-0.1017855252944676,0.0055084090323401,3602,2026-09-14,0.0007756313876443,2026-09-16,2026-09-16,102.16,1.44,USD,LONG,LONG,FLAT,SHORT,0.0,-0.009678311869339188,-0.9631627738269755,0.07756313876443,-0.010453943256983487,-1.0407259125914055,0.0,
2026-09-16T09:05:17.195026+00:00,2026-09-15,dashboard,GFI,GFI.JO,696.43,-0.77,-0.0043985696904567,-0.0001062531090267,0.0043075757522199,1,0.0029862209466487,-6.61725906866359e-05,LONG,FLAT,GDX -0.01% (need >0.5%),GDX -0.01% (need >0.5%),0.005,0.0007930493964973,-0.6789072714086445,0.622782630011821,3528,2026-09-14,0.0037130977524594,2026-09-16,2026-09-16,717.31,3.0,ZAR,LONG,LONG,FLAT,LONG,1.0,0.0029678930404348027,0.2972301595278726,0.37130977524594,-0.0007452047120245974,-0.07407961571806743,1.0,
2026-09-16T09:05:17.195026+00:00,2026-09-15,dashboard,DRD,DRD.JO,40.95,-0.68,-0.0043985696904567,-0.0001062531090267,0.0043075757522199,1,0.0024153675553814,-5.732262426607487e-05,LONG,FLAT,GDX -0.01% (need >0.5%),GDX -0.01% (need >0.5%),0.005,0.0006527295513134,-0.5491256761537605,0.539491265630852,3528,2026-09-14,0.0030107744824288,2026-09-16,2026-09-16,42.9,4.76,ZAR,LONG,LONG,FLAT,LONG,1.0,0.031015829098927708,3.150183150183161,0.30107744824288,0.02800505461649891,2.8491057019402812,1.0,
2026-09-17T09:13:41.787215+00:00,2026-09-16,dashboard,HAR,HAR.JO,318.59,1.4,0.0125456495738838,-0.0142301037030483,0.0011761316694349,1,-0.00863466958779,-0.0091850696706858,SHORT,FLAT,GDX -1.42% (need >0.5%),GDX -1.42% (need >0.5%),0.005,0.0005600025352039,-0.6882600647291122,0.6454675146687989,3529,2026-09-15,-0.017259736723272,2026-09-17,2026-09-17,330.92,3.87,ZAR,SHORT,SHORT,FLAT,LONG,0.0,0.022777624720011352,2.3039015662764006,-1.7259736723272,0.04003736144328335,4.0298752386036005,0.0,
2026-09-17T09:13:41.787215+00:00,2026-09-16,dashboard,PAN,PAN.JO,26.77,5.6,0.0125456495738838,-0.0142301037030483,0.0011761316694349,1,-0.0001450679019787,-0.003628931386587,SHORT,FLAT,GDX -1.42% (need >0.5%),GDX -1.42% (need >0.5%),0.005,0.0019999075001323,-0.0115632037324534,0.2550179157028669,3529,2026-09-15,-0.0017740917884334,2026-09-17,2026-09-17,28.01,4.63,ZAR,SHORT,SHORT,FLAT,LONG,0.0,0.03198214136720793,3.249906611878961,-0.17740917884333998,0.03375623315564133,3.427315790722301,0.0,
2026-09-17T09:13:41.787215+00:00,2026-09-16,dashboard,GFI,GFI.JO,698.5,0.3,0.0125456495738838,-0.0142301037030483,0.0011761316694349,1,-0.0085171385416336,-0.0088621982099863,SHORT,FLAT,GDX -1.42% (need >0.5%),GDX -1.42% (need >0.5%),0.005,0.0007928353233979,-0.6788917936432469,0.622778188755426,3529,2026-09-15,-0.0165865014282219,2026-09-17,2026-09-17,715.45,2.43,ZAR,SHORT,SHORT,FLAT,LONG,0.0,0.011855005669500594,1.1925554760200408,-1.6586501428221898,0.028441507097722495,2.8512056188422306,0.0,
2026-09-17T09:13:41.787215+00:00,2026-09-16,dashboard,SSW,SSW.JO,46.29,-2.69,0.0125456495738838,-0.0142301037030483,0.0011761316694349,1,-0.0060996905089302,-0.0072855231503948,SHORT,FLAT,GDX -1.42% (need >0.5%),GDX -1.42% (need >0.5%),0.005,3.134381432919568e-05,-0.4861996561443873,0.5119796244938225,1595,2026-09-15,-0.0133538698449959,2026-09-17,2026-09-17,47.72,3.09,ZAR,SHORT,SHORT,FLAT,LONG,0.0,0.023063161892481233,2.333117303953336,-1.33538698449959,0.03641703173747714,3.668504288452926,0.0,
2026-09-17T09:13:41.787215+00:00,2026-09-16,dashboard,ANG,AU,99.74,-0.96,0.0125456495738838,-0.0142301037030483,0.0011761316694349,1,-0.0012742807106661,-7.751086552343624e-05,SHORT,FLAT,GDX -1.42% (need >0.5%),GDX -1.42% (need >0.5%),0.005,0.0003255630522833,-0.1015715211206622,0.0054469642063699,3603,2026-09-15,-0.0010262285239062,2026-09-17,2026-09-17,104.01,4.28,USD,SHORT,SHORT,FLAT,LONG,0.0,0.02592923855439692,2.6268325673723947,-0.10262285239062,0.02695546707830312,2.7294554197630148,0.0,
2026-09-17T09:13:41.787215+00:00,2026-09-16,dashboard,DRD,DRD.JO,42.24,3.15,0.0125456495738838,-0.0142301037030483,0.0011761316694349,1,-0.0068964356057688,-0.0076793917176748,SHORT,FLAT,GDX -1.42% (need >0.5%),GDX -1.42% (need >0.5%),0.005,0.0006607744935184,-0.5497073360095329,0.5396581696048902,3529,2026-09-15,-0.0139150528299252,2026-09-17,2026-09-17,43.58,3.17,ZAR,SHORT,SHORT,FLAT,LONG,0.0,0.0061364365323650655,0.6155303030302983,-1.39150528299252,0.020051489362290266,2.0070355860228184,0.0,
2026-09-18T08:47:05.824005+00:00,2026-09-17,dashboard,PAN,PAN.JO,26.77,5.6,0.0027768123817946,0.0330678189523885,0.0066873896288814,1,-2.0627458607316345e-05,0.008380774415627,LONG,LONG,gdx_up,Filters OK,0.005,0.0020147431435944,-0.0074284668069598,0.2534420073998161,3530,2026-09-16,0.0103748901006141,2026-09-18,2026-09-18,28.54,3.26,ZAR,LONG,LONG,LONG,LONG,1.0,0.016505577440230998,1.664254703328516,1.03748901006141,0.006130687339616898,0.626765693267106,1.0,1.0
2026-09-18T08:47:05.824005+00:00,2026-09-17,dashboard,DRD,DRD.JO,42.24,3.15,0.0027768123817946,0.0330678189523885,0.0066873896288814,1,-0.0015198892970796,0.0178156128588868,LONG,LONG,gdx_up,Filters OK,0.005,0.0006692313896408,-0.5473503744957383,0.5387598403311072,3530,2026-09-16,0.0169649549514479,2026-09-18,2026-09-18,43.53,2.42,ZAR,LONG,LONG,LONG,SHORT,0.0,-0.002119892443871828,-0.21176470588235574,1.6964954951447901,-0.01908484739531973,-1.9082602010271459,0.0,0.0
2026-09-18T08:47:05.824005+00:00,2026-09-17,dashboard,SSW,SSW.JO,46.29,-2.69,0.0027768123817946,0.0330678189523885,0.0066873896288814,1,-0.0013324964277706,0.0168412856108922,LONG,LONG,gdx_up,Filters OK,0.005,5.637866600662384e-05,-0.4798654876745561,0.5092953253173598,1596,2026-09-16,0.0155651678491282,2026-09-18,2026-09-18,48.4,2.17,ZAR,LONG,LONG,LONG,SHORT,0.0,-0.019612651675812946,-1.9421574836394395,1.5565167849128199,-0.035177819524941145,-3.4986742685522594,0.0,0.0
2026-09-18T08:47:05.824005+00:00,2026-09-17,dashboard,GFI,GFI.JO,698.5,0.3,0.0027768123817946,0.0330678189523885,0.0066873896288814,1,-0.0018778386554477,0.0205607082613639,LONG,LONG,gdx_up,Filters OK,0.005,0.0008022892959704,-0.6762569440266449,0.6217739455682738,3530,2026-09-16,0.0194851589018866,2026-09-18,2026-09-18,716.83,1.41,ZAR,LONG,LONG,LONG,SHORT,0.0,-0.02586826767919481,-2.5536550514267953,1.94851589018866,-0.04535342658108141,-4.502170941615455,0.0,0.0
2026-09-18T08:47:05.824005+00:00,2026-09-17,dashboard,HAR,HAR.JO,318.59,1.4,0.0027768123817946,0.0330678189523885,0.0066873896288814,1,-0.0019010155592439,0.0212981180525704,LONG,LONG,gdx_up,Filters OK,0.005,0.0005731223645301,-0.6846035301871397,0.6440738678059094,3530,2026-09-16,0.0199702248578566,2026-09-18,2026-09-18,333.0,2.17,ZAR,LONG,LONG,LONG,SHORT,0.0,-0.019268299482869875,-1.9083852360936349,1.99702248578566,-0.03923852434072647,-3.905407721879295,0.0,0.0
2026-09-18T08:47:05.824005+00:00,2026-09-17,dashboard,ANG,AU,102.36,2.63,0.0027768123817946,0.0330678189523885,0.0066873896288814,1,-0.0002764943323327,0.0001548836659031,LONG,FLAT,|forecast| 0.02% < 0.5%,|forecast| 0.02% < 0.5%,0.005,0.0003326879402707,-0.0995725653434352,0.0046838186130795,3604,2026-09-16,0.0002110772738411,2026-09-18,2026-09-18,103.29,0.91,USD,LONG,LONG,FLAT,LONG,1.0,0.009044557627819425,0.9085583232028016,0.02110772738411,0.008833480353978325,0.8874505958186916,1.0,
2026-09-21T09:38:17.761417+00:00,2026-09-18,dashboard,DRD,DRD.JO,42.41,-0.21,0.0057112560909917,-0.0045976550007358,-0.0074370210502578,1,-0.0031273493182254,-0.0024763683810704,SHORT,FLAT,GDX -0.46% (need >0.5%),GDX -0.46% (need >0.5%),0.005,0.000660736748166,-0.5475764470022949,0.538615529149994,3531,2026-09-17,-0.0049429809511298,2026-09-21,2026-09-21,43.17,1.79,ZAR,SHORT,SHORT,FLAT,SHORT,1.0,-0.011859721549519257,-1.1789672247111582,-0.49429809511298006,-0.006916740598389456,-0.6846691295981782,1.0,
2026-09-21T09:38:17.761417+00:00,2026-09-18,dashboard,SSW,SSW.JO,46.45,-1.94,0.0057112560909917,-0.0045976550007358,-0.0074370210502578,1,-0.0027312868888373,-0.002334800133723,SHORT,FLAT,GDX -0.46% (need >0.5%),GDX -0.46% (need >0.5%),0.005,3.018499378059573e-05,-0.4782287548172343,0.5078241262881537,1597,2026-09-17,-0.0050359020287797,2026-09-21,2026-09-21,47.51,2.28,ZAR,SHORT,SHORT,FLAT,SHORT,1.0,-0.029937776088272004,-2.9494079655543626,-0.50359020287797,-0.024901874059492304,-2.4458177626763926,1.0,
2026-09-21T09:38:17.761417+00:00,2026-09-18,dashboard,GFI,GFI.JO,688.78,-2.55,0.0057112560909917,-0.0045976550007358,-0.0074370210502578,1,-0.0038566715361186,-0.0028544646940943,SHORT,FLAT,GDX -0.46% (need >0.5%),GDX -0.46% (need >0.5%),0.005,0.0007875553346542,-0.675275539158844,0.6208523026711503,3531,2026-09-17,-0.0059235808955588,2026-09-21,2026-09-21,711.95,3.36,ZAR,SHORT,SHORT,FLAT,SHORT,1.0,-0.011653339428157957,-1.1585702256163066,-0.59235808955588,-0.005729758532599157,-0.5662121360604266,1.0,
2026-09-21T09:38:17.761417+00:00,2026-09-18,dashboard,PAN,PAN.JO,28.1,1.66,0.0057112560909917,-0.0045976550007358,-0.0074370210502578,1,-5.265017009637003e-05,-0.0011687157100136,LONG,FLAT,GDX -0.46% (need >0.5%),GDX -0.46% (need >0.5%),0.005,0.0020107833256784,-0.0092186673575037,0.2541982184019099,3531,2026-09-17,0.0007894174455684,2026-09-21,2026-09-21,28.87,2.74,ZAR,LONG,LONG,FLAT,SHORT,0.0,-0.017591550397636997,-1.7437722419928803,0.07894174455684,-0.018380967843205396,-1.8227139865497204,0.0,
2026-09-21T09:38:17.761417+00:00,2026-09-18,dashboard,ANG,AU,103.29,0.91,0.0057112560909917,-0.0045976550007358,-0.0074370210502578,1,-0.0005703006264157,-2.251587017458323e-05,SHORT,FLAT,GDX -0.46% (need >0.5%),GDX -0.46% (need >0.5%),0.005,0.0003351634488084,-0.0998555514460771,0.0048972509183441,3605,2026-09-17,-0.0002576530477818,2026-09-21,2026-09-21,103.02,-0.26,USD,SHORT,SHORT,FLAT,SHORT,1.0,-0.013254268707905597,-1.3166817681256493,-0.02576530477818,-0.012996615660123797,-1.2909164633474692,1.0,
2026-09-21T09:38:17.761417+00:00,2026-09-18,dashboard,HAR,HAR.JO,319.71,-1.91,0.0057112560909917,-0.0045976550007358,-0.0074370210502578,1,-0.0039063205450833,-0.0029579387777572,SHORT,FLAT,GDX -0.46% (need >0.5%),GDX -0.46% (need >0.5%),0.005,0.0005596055696024,-0.6839687247162125,0.6433581417665752,3531,2026-09-17,-0.0063046537532381,2026-09-21,2026-09-21,326.11,2.0,ZAR,SHORT,SHORT,FLAT,SHORT,1.0,-0.0171936661389888,-1.704669857057961,-0.63046537532381,-0.010889012385750699,-1.0742044817341512,1.0,
2026-09-22T09:02:13.763522+00:00,2026-09-21,dashboard,PAN,PAN.JO,27.61,-1.74,-0.0093089403743036,-0.0110580141223834,-0.0010186676973868,1,9.117010571474846e-05,-0.0028132420287659,SHORT,FLAT,GDX -1.11% (need >0.5%),GDX -1.11% (need >0.5%),0.005,0.0020056798296514,-0.0097938220730701,0.2544075272133515,3532,2026-09-18,-0.0007163920933996,2026-09-22,2026-09-22,28.34,2.64,ZAR,SHORT,SHORT,FLAT,LONG,0.0,0.02007955594621815,2.0282506338283213,-0.07163920933996,0.02079594803961775,2.099889843168281,0.0,
2026-09-22T09:02:13.763522+00:00,2026-09-21,dashboard,GFI,GFI.JO,680.8,-1.16,-0.0093089403743036,-0.0110580141223834,-0.0010186676973868,1,0.0062877687169642,-0.0068661150246404,LONG,FLAT,GDX -1.11% (need >0.5%),GDX -1.11% (need >0.5%),0.005,0.000785964460868,-0.6754548277396848,0.6209175489061981,3532,2026-09-18,0.0002076181531918,2026-09-22,2026-09-22,693.68,1.89,ZAR,LONG,LONG,FLAT,LONG,1.0,0.002611159047894323,0.261457109283203,0.02076181531918,0.002403540894702523,0.24069529396402298,1.0,
2026-09-22T09:02:13.763522+00:00,2026-09-21,dashboard,DRD,DRD.JO,41.91,-1.18,-0.0093089403743036,-0.0110580141223834,-0.0010186676973868,1,0.0050993712310531,-0.0059568890869834,SHORT,FLAT,GDX -1.11% (need >0.5%),GDX -1.11% (need >0.5%),0.005,0.000658816307498,-0.5477928771710133,0.5386942918553121,3532,2026-09-18,-0.0001987015484321,2026-09-22,2026-09-22,41.93,0.05,ZAR,SHORT,SHORT,FLAT,SHORT,1.0,-0.0007160759346440843,-0.07158196134574579,-0.01987015484321,-0.0005173743862119843,-0.05171180650253579,1.0,
2026-09-22T09:02:13.763522+00:00,2026-09-21,dashboard,ANG,AU,101.93,-1.32,-0.0093089403743036,-0.0110580141223834,-0.0010186676973868,1,0.0009332734940329,-5.5766443501960845e-05,LONG,FLAT,GDX -1.11% (need >0.5%),GDX -1.11% (need >0.5%),0.005,0.0003316314919783,-0.1002556098231303,0.0050430794250008,3606,2026-09-18,0.0012091385425093,2026-09-22,2026-09-22,104.97,2.98,USD,LONG,LONG,FLAT,LONG,1.0,0.025857230868774488,2.6194429127356145,0.12091385425093001,0.02464809232626519,2.4985290584846847,1.0,
2026-09-22T09:02:13.763522+00:00,2026-09-21,dashboard,SSW,SSW.JO,45.08,-2.95,-0.0093089403743036,-0.0110580141223834,-0.0010186676973868,1,0.0044656030433225,-0.0056222843164046,SHORT,FLAT,GDX -1.11% (need >0.5%),GDX -1.11% (need >0.5%),0.005,1.5078461685559424e-05,-0.4797112091994237,0.5084352628040195,1598,2026-09-18,-0.0011416028113965,2026-09-22,2026-09-22,45.98,2.0,ZAR,SHORT,SHORT,FLAT,LONG,0.0,0.0006652622487289345,0.0665483584738169,-0.11416028113964999,0.0018068650601254345,0.1807086396134669,0.0,
2026-09-22T09:02:13.763522+00:00,2026-09-21,dashboard,HAR,HAR.JO,314.26,-1.7,-0.0093089403743036,-0.0110580141223834,-0.0010186676973868,1,0.0063701958708317,-0.0071156345667748,SHORT,FLAT,GDX -1.11% (need >0.5%),GDX -1.11% (need >0.5%),0.005,0.0005565822232844,-0.6843094503447522,0.6434821377530586,3532,2026-09-18,-0.0001888564726585,2026-09-22,2026-09-22,313.91,-0.11,ZAR,SHORT,SHORT,FLAT,SHORT,1.0,-0.010427756582751635,-1.0373576019856223,-0.01888564726585,-0.010238900110093135,-1.0184719547197723,1.0,
2026-09-24T09:01:02.596748+00:00,2026-09-23,dashboard,PAN,PAN.JO,27.7,-1.67,-0.0133415056385963,-0.0446283815646095,-0.0035945495334201,1,0.0001177772235801,-0.011316570301916,SHORT,FLAT,GDX -4.46% (need >0.5%),GDX -4.46% (need >0.5%),0.005,0.0020036342699834,-0.0088278809581573,0.2535733966855336,3534,2026-09-22,-0.0091951588083525,2026-09-25,2026-09-25,27.37,-1.19,ZAR,SHORT,SHORT,FLAT,SHORT,1.0,-0.04466510990931443,-4.368231046931403,-0.9195158808352499,-0.03546995110096193,-3.4487151660961537,1.0,
2026-09-24T09:01:02.596748+00:00,2026-09-23,dashboard,HAR,HAR.JO,305.7,-1.7,-0.0133415056385963,-0.0446283815646095,-0.0035945495334201,1,0.0090947473595099,-0.0286558948829499,SHORT,FLAT,GDX -4.46% (need >0.5%),GDX -4.46% (need >0.5%),0.005,0.0005415479943712,-0.681688229640231,0.6421002482795424,3534,2026-09-22,-0.0190195995290688,2026-09-25,2026-09-25,312.16,2.11,ZAR,SHORT,SHORT,FLAT,SHORT,1.0,-0.00019629011742292602,-0.01962708537782687,-1.90195995290688,0.018823309411645874,1.8823328675290532,1.0,
2026-09-24T09:01:02.596748+00:00,2026-09-23,dashboard,SSW,SSW.JO,43.26,-4.1,-0.0133415056385963,-0.0446283815646095,-0.0035945495334201,1,0.0063043557457542,-0.0224996904807128,SHORT,FLAT,GDX -4.46% (need >0.5%),GDX -4.46% (need >0.5%),0.005,-2.2979678603677304e-05,-0.4725370521536992,0.5041565410150375,1600,2026-09-22,-0.0162183144135622,2026-09-25,2026-09-25,43.9,1.48,ZAR,SHORT,SHORT,FLAT,SHORT,1.0,-0.0023142801349788343,-0.23116042533518621,-1.62183144135622,0.013904034278583366,1.3906710160210338,1.0,
2026-09-24T09:01:02.596748+00:00,2026-09-23,dashboard,DRD,DRD.JO,41.93,0.12,-0.0133415056385963,-0.0446283815646095,-0.0035945495334201,1,0.007293670952687,-0.0240128753748646,SHORT,FLAT,GDX -4.46% (need >0.5%),GDX -4.46% (need >0.5%),0.005,0.0006530310959057,-0.5466902424855828,0.5380628768735574,3534,2026-09-22,-0.0160661733262718,2026-09-25,2026-09-25,41.7,-0.55,ZAR,SHORT,SHORT,FLAT,SHORT,1.0,-0.019506940035761602,-1.9317910803720473,-1.60661733262718,-0.0034407667094898016,-0.3251737477448673,1.0,
2026-09-24T09:01:02.596748+00:00,2026-09-23,dashboard,ANG,AU,98.74,-3.13,-0.0133415056385963,-0.0446283815646095,-0.0035945495334201,1,0.0013252251996979,-0.0002203841166533,LONG,FLAT,GDX -4.46% (need >0.5%),GDX -4.46% (need >0.5%),0.005,0.0003222633356591,-0.0993310077285535,0.0049382054407305,3607,2026-09-22,0.0014271044187037,2026-09-24,2026-09-24,98.63,-0.11,USD,LONG,LONG,FLAT,SHORT,0.0,-0.002535112704022304,-0.25319020195333497,0.14271044187037,-0.0039622171227260035,-0.39590064382370493,0.0,
2026-09-24T09:01:02.596748+00:00,2026-09-23,dashboard,GFI,GFI.JO,669.53,-1.91,-0.0133415056385963,-0.0446283815646095,-0.0035945495334201,1,0.0089802644177794,-0.0276484823521822,SHORT,FLAT,GDX -4.46% (need >0.5%),GDX -4.46% (need >0.5%),0.005,0.0007741460378911,-0.673107268478003,0.619526888111658,3534,2026-09-22,-0.0178940718965115,2026-09-25,2026-09-25,674.39,0.73,ZAR,SHORT,SHORT,FLAT,SHORT,1.0,-0.018100791846436922,-1.7937956476931527,-1.78940718965115,-0.00020671994992542062,-0.004388458042002608,1.0,
2026-09-25T09:24:05.724394+00:00,2026-09-24,dashboard,HAR,HAR.JO,305.7,-1.7,-0.004735142447295,-0.0130172254989595,0.0126887079304012,1,0.00322817296998,-0.008350273469008,SHORT,FLAT,GDX -1.30% (need >0.5%),GDX -1.30% (need >0.5%),0.005,0.0005505939558767,-0.6817478050368216,0.6414787444279483,3535,2026-09-23,-0.0045715065431512,2026-09-25,2026-09-25,312.16,2.11,ZAR,SHORT,SHORT,FLAT,SHORT,1.0,-0.00019629011742292602,-0.01962708537782687,-0.45715065431512,0.004375216425728273,0.4375235689372931,1.0,
2026-09-25T09:24:05.724394+00:00,2026-09-24,dashboard,SSW,SSW.JO,43.26,-4.1,-0.004735142447295,-0.0130172254989595,0.0126887079304012,1,0.0022364392589854,-0.0065492094046016,SHORT,FLAT,GDX -1.30% (need >0.5%),GDX -1.30% (need >0.5%),0.005,-7.5181496800651375e-06,-0.4723066484014777,0.5031186872444605,1601,2026-09-23,-0.0043202882952962,2026-09-25,2026-09-25,43.9,1.48,ZAR,SHORT,SHORT,FLAT,SHORT,1.0,-0.0023142801349788343,-0.23116042533518621,-0.43202882952962,0.002006008160317366,0.2008684041944338,1.0,
2026-09-25T09:24:05.724394+00:00,2026-09-24,dashboard,PAN,PAN.JO,27.7,-1.67,-0.004735142447295,-0.0130172254989595,0.0126887079304012,1,4.164746180103948e-05,-0.0033052332430991,SHORT,FLAT,GDX -1.30% (need >0.5%),GDX -1.30% (need >0.5%),0.005,0.0019987020199188,-0.0087953978712574,0.2539122675076466,3535,2026-09-23,-0.0012648837613793,2026-09-25,2026-09-25,27.37,-1.19,ZAR,SHORT,SHORT,FLAT,SHORT,1.0,-0.04466510990931443,-4.368231046931403,-0.12648837613793,-0.04340022614793513,-4.241742670793474,1.0,
2026-09-25T09:24:05.724394+00:00,2026-09-24,dashboard,GFI,GFI.JO,669.53,-1.91,-0.004735142447295,-0.0130172254989595,0.0126887079304012,1,0.0031874540089451,-0.008058922788836,SHORT,FLAT,GDX -1.30% (need >0.5%),GDX -1.30% (need >0.5%),0.005,0.0007804057978335,-0.6731484943533182,0.6190968105669024,3535,2026-09-23,-0.0040910629820573,2026-09-25,2026-09-25,674.39,0.73,ZAR,SHORT,SHORT,FLAT,SHORT,1.0,-0.018100791846436922,-1.7937956476931527,-0.40910629820573,-0.014009728864379623,-1.3846893494874226,1.0,
2026-09-25T09:24:05.724394+00:00,2026-09-24,dashboard,DRD,DRD.JO,41.93,0.12,-0.004735142447295,-0.0130172254989595,0.0126887079304012,1,0.0025887423690331,-0.0070016137866026,SHORT,FLAT,GDX -1.30% (need >0.5%),GDX -1.30% (need >0.5%),0.005,0.0006557951303946,-0.5467084460177081,0.5378729735581713,3535,2026-09-23,-0.0037570762871748,2026-09-25,2026-09-25,41.7,-0.55,ZAR,SHORT,SHORT,FLAT,SHORT,1.0,-0.019506940035761602,-1.9317910803720473,-0.37570762871748,-0.015749863748586803,-1.5560834516545672,1.0,
2026-09-25T09:24:05.724394+00:00,2026-09-24,dashboard,ANG,AU,98.49,-0.25,-0.004735142447295,-0.0130172254989595,0.0126887079304012,1,0.0004703122576621,-6.529104947100917e-05,LONG,FLAT,GDX -1.30% (need >0.5%),GDX -1.30% (need >0.5%),0.005,0.000321146791905,-0.0993237823142572,0.0050157423696952,3608,2026-09-23,0.0007261680000961,2026-09-25,2026-09-25,99.17,0.69,USD,LONG,LONG,FLAT,LONG,1.0,0.005467823714822164,0.548279954553621,0.07261680000961,0.004741655714726064,0.475663154544011,1.0,
2026-09-28T10:36:55.228592+00:00,2026-09-25,dashboard,DRD,DRD.JO,41.12,-1.93,0.0053833884390446,0.0056150052399299,0.0038002008288531,1,-0.0029430108299439,0.0030216078113377,LONG,FLAT,|forecast| 0.07% < 0.5%,|forecast| 0.07% < 0.5%,0.005,0.0006520410531872,-0.5466837222071632,0.5381308978752438,3535,2026-09-24,0.0007306380345809,2026-09-28,2026-09-28,41.61,1.19,ZAR,LONG,LONG,FLAT,SHORT,0.0,-0.02761516703297338,-2.7237354085603127,0.07306380345809001,-0.02834580506755428,-2.796799212018403,0.0,
2026-09-28T10:36:55.228592+00:00,2026-09-25,dashboard,PAN,PAN.JO,26.49,-4.37,0.0053833884390446,0.0056150052399299,0.0038002008288531,1,-4.716206342163038e-05,0.0014277532514976,LONG,FLAT,|forecast| 0.34% < 0.5%,|forecast| 0.34% < 0.5%,0.005,0.0019934281822768,-0.0087606651378848,0.2542746071445274,3535,2026-09-24,0.0033740193703528,2026-09-28,2026-09-28,26.24,-0.94,ZAR,LONG,LONG,FLAT,SHORT,0.0,-0.03691307203058586,-3.624009060022648,0.33740193703528,-0.04028709140093866,-3.961410997057928,0.0,
2026-09-28T10:36:55.228592+00:00,2026-09-25,dashboard,GFI,GFI.JO,657.52,-1.79,0.0053833884390446,0.0056150052399299,0.0038002008288531,1,-0.0036235957784952,0.0034786696697305,LONG,FLAT,|forecast| 0.06% < 0.5%,|forecast| 0.06% < 0.5%,0.005,0.0007740865565027,-0.6731068767421662,0.6195309747874634,3535,2026-09-24,0.000629160447738,2026-09-28,2026-09-28,588.99,-10.42,ZAR,LONG,LONG,FLAT,SHORT,0.0,-0.1282095109956897,-12.033094050371096,0.0629160447738,-0.1288386714434277,-12.096010095144896,0.0,
2026-09-28T10:36:55.228592+00:00,2026-09-25,dashboard,HAR,HAR.JO,305.64,-0.02,0.0053833884390446,0.0056150052399299,0.0038002008288531,1,-0.0036699845616171,0.0036033067992229,LONG,FLAT,|forecast| 0.05% < 0.5%,|forecast| 0.05% < 0.5%,0.005,0.0005469641943044,-0.681723899951103,0.6417281276246606,3535,2026-09-24,0.0004802864319101,2026-09-28,2026-09-28,297.52,-2.66,ZAR,LONG,LONG,FLAT,SHORT,0.0,-0.05508200113378009,-5.359246171967024,0.048028643191009995,-0.05556228756569019,-5.4072748151580345,0.0,
2026-09-28T10:36:55.228592+00:00,2026-09-25,dashboard,ANG,AU,99.03,0.55,0.0053833884390446,0.0056150052399299,0.0038002008288531,1,-0.0005262103479653,1.860837818929666e-05,SHORT,FLAT,|forecast| 0.02% < 0.5%,|forecast| 0.02% < 0.5%,0.005,0.0003222449742243,-0.0977470516800983,0.0033140446703356,3610,2026-09-24,-0.0001853569955516,2026-09-28,2026-09-28,94.44,-4.63,USD,SHORT,SHORT,FLAT,SHORT,1.0,-0.06529954672698378,-6.321319007770376,-0.01853569955516,-0.06511418973143218,-6.302783308215216,1.0,
2026-09-28T10:36:55.228592+00:00,2026-09-25,dashboard,SSW,SSW.JO,43.16,-0.23,0.0053833884390446,0.0056150052399299,0.0038002008288531,1,-0.0025431264228358,0.0028274396684245,LONG,FLAT,|forecast| 0.03% < 0.5%,|forecast| 0.03% < 0.5%,0.005,-1.3953702630427002e-05,-0.4724025493666877,0.5035506731708386,1601,2026-09-24,0.0002703595429582,2026-09-28,2026-09-28,42.44,-1.67,ZAR,LONG,LONG,FLAT,SHORT,0.0,-0.041874834629292916,-4.101019462465249,0.02703595429582,-0.04214519417225111,-4.128055416761069,0.0,
2026-09-30T10:18:07.285915+00:00,2026-09-29,dashboard,PAN,PAN.JO,25.9,1.45,0.002707274646573,0.0133365483854719,0.0039154649884518,1,-3.187991294044219e-05,0.00339295060902,LONG,LONG,gdx_up,Filters OK,0.005,0.0019901164875507,-0.0117756478755477,0.2544099500824438,3537,2026-09-28,0.0053511871836303,2026-09-30,2026-09-30,26.53,2.43,ZAR,LONG,LONG,LONG,LONG,1.0,0.0038535693159899723,0.38610038610038533,0.5351187183630299,-0.0014976178676403273,-0.1490183322626446,1.0,1.0
2026-09-30T10:18:07.285915+00:00,2026-09-29,dashboard,SSW,SSW.JO,41.44,0.12,0.002707274646573,0.0133365483854719,0.0039154649884518,1,-0.0012870664362372,0.0067186135990724,LONG,LONG,gdx_up,Filters OK,0.005,-3.11895662638876e-05,-0.4754103680860051,0.5037745453232385,1603,2026-09-28,0.0054003575965714,2026-09-30,2026-09-30,43.65,5.33,ZAR,LONG,LONG,LONG,LONG,1.0,0.02313758553527172,2.34073359073359,0.54003575965714,0.01773722793870032,1.8006978310764503,1.0,1.0
2026-09-30T10:18:07.285915+00:00,2026-09-29,dashboard,HAR,HAR.JO,292.76,1.21,0.002707274646573,0.0133365483854719,0.0039154649884518,1,-0.0018535132762414,0.0085606283150423,LONG,LONG,gdx_up,Filters OK,0.005,0.000538233378416,-0.684641759042672,0.6418923448264751,3537,2026-09-28,0.0072453484172169,2026-09-30,2026-09-30,300.95,2.8,ZAR,LONG,LONG,LONG,SHORT,0.0,-0.006511108983462204,-0.6489957644486899,0.72453484172169,-0.013756457400679104,-1.3735306061703798,0.0,0.0
2026-09-30T10:18:07.285915+00:00,2026-09-29,dashboard,ANG,AU,94.63,2.0,0.002707274646573,0.0133365483854719,0.0039154649884518,1,-0.000271331221445,4.647493938286426e-05,LONG,FLAT,|forecast| 0.01% < 0.5%,|forecast| 0.01% < 0.5%,0.005,0.0003092768599758,-0.1002230127588098,0.0034847801724688,3612,2026-09-28,8.442057791359917e-05,2026-09-30,2026-09-30,95.39,0.8,USD,LONG,LONG,FLAT,SHORT,0.0,-0.007211828119021447,-0.7185885289151428,0.008442057791359918,-0.007296248696935046,-0.7270305867065027,0.0,
2026-09-30T10:18:07.285915+00:00,2026-09-29,dashboard,GFI,GFI.JO,603.28,4.3,0.002707274646573,0.0133365483854719,0.0039154649884518,1,-0.001840487314203,0.0082674729663252,LONG,LONG,gdx_up,Filters OK,0.005,0.0007536985395468,-0.6798302922582171,0.6199109940118649,3537,2026-09-28,0.007180684191669,2026-09-30,2026-09-30,618.96,2.6,ZAR,LONG,LONG,LONG,SHORT,0.0,-0.011251900243051727,-1.1188834372099166,0.7180684191669,-0.018432584434720727,-1.8369518563768166,0.0,0.0
2026-09-30T10:18:07.285915+00:00,2026-09-29,dashboard,DRD,DRD.JO,40.23,0.57,0.002707274646573,0.0133365483854719,0.0039154649884518,1,-0.0014849559986009,0.0071780065514721,LONG,LONG,gdx_up,Filters OK,0.005,0.0006487066067726,-0.5485058564267292,0.5382207107868668,3537,2026-09-28,0.0063417571596438,2026-09-30,2026-09-30,40.95,1.79,ZAR,LONG,LONG,LONG,SHORT,0.0,-0.005733531847760569,-0.5717126522495675,0.6341757159643799,-0.012075289007404368,-1.2058883682139474,0.0,0.0
2026-10-01T10:44:12.439412+00:00,2026-09-30,dashboard,PAN,PAN.JO,26.0,0.39,0.0016733604194367,-0.0143610386183992,-0.0008885225841415,1,-1.968899712532128e-05,-0.0036534232017657,SHORT,FLAT,GDX -1.44% (need >0.5%),GDX -1.44% (need >0.5%),0.005,0.0019896933553761,-0.0117661424858777,0.2543982575943369,3538,2026-09-29,-0.0016834188435149,2026-10-01,2026-10-01,26.92,3.54,ZAR,SHORT,SHORT,FLAT,LONG,0.0,0.026192425394950807,2.653846153846162,-0.16834188435149,0.027875844238465706,2.8221880381976523,0.0,
2026-10-01T10:44:12.439412+00:00,2026-09-30,dashboard,SSW,SSW.JO,42.41,2.34,0.0016733604194367,-0.0143610386183992,-0.0008885225841415,1,-0.0007960684840845,-0.0072391209573618,SHORT,FLAT,GDX -1.44% (need >0.5%),GDX -1.44% (need >0.5%),0.005,-2.0151770747212e-05,-0.4757304372912342,0.5040805995805302,1604,2026-09-29,-0.0080553412121935,2026-10-01,2026-10-01,42.45,0.09,ZAR,SHORT,SHORT,FLAT,SHORT,1.0,-0.013292386551014978,-1.3204432916764874,-0.80553412121935,-0.005237045338821479,-0.5149091704571375,1.0,
2026-10-01T10:44:12.439412+00:00,2026-09-30,dashboard,HAR,HAR.JO,290.86,-0.65,0.0016733604194367,-0.0143610386183992,-0.0008885225841415,1,-0.0011455063160978,-0.0092166983480596,SHORT,FLAT,GDX -1.44% (need >0.5%),GDX -1.44% (need >0.5%),0.005,0.0005343466728283,-0.6845544467242894,0.6417849427861909,3538,2026-09-29,-0.0098278579913291,2026-10-01,2026-10-01,297.5,2.28,ZAR,SHORT,SHORT,FLAT,SHORT,1.0,-0.0036510218629821063,-0.3644364986591486,-0.98278579913291,0.0061768361283469925,0.6183493004737614,1.0,
2026-10-01T10:44:12.439412+00:00,2026-09-30,dashboard,DRD,DRD.JO,40.0,-0.57,0.0016733604194367,-0.0143610386183992,-0.0008885225841415,1,-0.0009177197403975,-0.0077280545043539,SHORT,FLAT,GDX -1.44% (need >0.5%),GDX -1.44% (need >0.5%),0.005,0.0006452948931395,-0.5484292144943139,0.5381264342853929,3538,2026-09-29,-0.008000479351612,2026-10-01,2026-10-01,41.0,2.5,ZAR,SHORT,SHORT,FLAT,LONG,0.0,0.01242251999855711,1.2499999999999956,-0.8000479351612,0.02042299935016911,2.0500479351611958,0.0,
2026-10-01T10:44:12.439412+00:00,2026-09-30,dashboard,GFI,GFI.JO,596.53,-1.12,0.0016733604194367,-0.0143610386183992,-0.0008885225841415,1,-0.001137405333677,-0.0089004990222786,SHORT,FLAT,GDX -1.44% (need >0.5%),GDX -1.44% (need >0.5%),0.005,0.0007484906559449,-0.6797133005332475,0.6197670836199426,3538,2026-09-29,-0.0092894137000108,2026-10-01,2026-10-01,611.62,2.53,ZAR,SHORT,SHORT,FLAT,LONG,0.0,0.004048588526000111,0.40567951318457585,-0.9289413700010799,0.01333800222601091,1.3346208831856559,0.0,
2026-10-01T10:44:12.439412+00:00,2026-09-30,dashboard,ANG,AU,93.95,-0.72,0.0016733604194367,-0.0143610386183992,-0.0008885225841415,1,-0.0001676324652983,-4.923559591424713e-05,LONG,FLAT,GDX -1.44% (need >0.5%),GDX -1.44% (need >0.5%),0.005,0.0003072578334943,-0.1001771425637133,0.0034284147005333,3613,2026-09-29,9.038977228167892e-05,2026-10-01,2026-10-01,95.27,1.41,USD,LONG,LONG,FLAT,LONG,1.0,0.0026574558090500197,0.2660989974674788,0.009038977228167893,0.0025670660367683408,0.2570600202393109,1.0,
2026-10-02T10:19:33.385332+00:00,2026-10-01,dashboard,HAR,HAR.JO,289.8,-0.36,0.0037190671964335,-0.0121464216198861,0.0017464030446001,1,-0.0025453077096159,-0.0077943229432326,SHORT,FLAT,GDX -1.21% (need >0.5%),GDX -1.21% (need >0.5%),0.005,0.0005360712781444,-0.6843941169056641,0.641697051786167,3539,2026-09-30,-0.0098035593747042,2026-10-02,2026-10-02,295.33,1.91,ZAR,SHORT,SHORT,FLAT,SHORT,1.0,-0.009151478178299696,-0.9109730848861242,-0.9803559374704199,0.0006520811964045043,0.06938285258429577,1.0,
2026-10-02T10:19:33.385332+00:00,2026-10-01,dashboard,PAN,PAN.JO,26.69,2.65,0.0037190671964335,-0.0121464216198861,0.0017464030446001,1,-4.106809574935469e-05,-0.0030852106302082,SHORT,FLAT,GDX -1.21% (need >0.5%),GDX -1.21% (need >0.5%),0.005,0.0019974764385215,-0.0110425796524293,0.254001608601923,3539,2026-09-30,-0.001128802287436,2026-10-02,2026-10-02,27.15,1.72,ZAR,SHORT,SHORT,FLAT,LONG,0.0,0.004485988831435235,0.44960659423005644,-0.1128802287436,0.005614791118871235,0.5624868229736565,0.0,
2026-10-02T10:19:33.385332+00:00,2026-10-01,dashboard,SSW,SSW.JO,41.85,-1.32,0.0037190671964335,-0.0121464216198861,0.0017464030446001,1,-0.0017702981343204,-0.0061247382880149,SHORT,FLAT,GDX -1.21% (need >0.5%),GDX -1.21% (need >0.5%),0.005,-2.336203792083402e-05,-0.4760059554767037,0.5042421940950561,1605,2026-09-30,-0.0079183984602562,2026-10-02,2026-10-02,42.88,2.46,ZAR,SHORT,SHORT,FLAT,SHORT,1.0,-0.007194275634027085,-0.7168458781361964,-0.79183984602562,0.0007241228262291144,0.07499396788942359,1.0,
2026-10-02T10:19:33.385332+00:00,2026-10-01,dashboard,ANG,AU,94.2,0.27,0.0037190671964335,-0.0121464216198861,0.0017464030446001,1,-0.0003723216684994,-4.120525877472663e-05,SHORT,FLAT,GDX -1.21% (need >0.5%),GDX -1.21% (need >0.5%),0.005,0.0003079592708125,-0.1001115733688404,0.0033923784357415,3614,2026-09-30,-0.0001055676564616,2026-10-02,2026-10-02,96.09,2.01,USD,SHORT,SHORT,FLAT,LONG,0.0,0.007614263091320956,0.7643325308160254,-0.01055676564616,0.007719830747782556,0.7748892964621854,0.0,
2026-10-02T10:19:33.385332+00:00,2026-10-01,dashboard,DRD,DRD.JO,40.5,1.25,0.0037190671964335,-0.0121464216198861,0.0017464030446001,1,-0.0020376735785434,-0.0065327807873092,SHORT,FLAT,GDX -1.21% (need >0.5%),GDX -1.21% (need >0.5%),0.005,0.0006509971025743,-0.5478991023602773,0.5378358327866535,3539,2026-09-30,-0.0079194572632784,2026-10-02,2026-10-02,41.14,1.58,ZAR,SHORT,SHORT,FLAT,SHORT,1.0,-0.004950505159856202,-0.4938271604938316,-0.79194572632784,0.0029689521034221983,0.2981185658340084,1.0,
2026-10-02T10:19:33.385332+00:00,2026-10-01,dashboard,GFI,GFI.JO,598.95,0.41,0.0037190671964335,-0.0121464216198861,0.0017464030446001,1,-0.0025266118625198,-0.0075256470567838,SHORT,FLAT,GDX -1.21% (need >0.5%),GDX -1.21% (need >0.5%),0.005,0.0007522146967104,-0.6793670910121787,0.6195772954614744,3539,2026-09-30,-0.0093000442225932,2026-10-02,2026-10-02,607.62,1.45,ZAR,SHORT,SHORT,FLAT,SHORT,1.0,-0.011637704080209709,-1.1570247933884281,-0.9300044222593199,-0.0023376598576165097,-0.22702037112910822,1.0,
2026-10-05T11:11:51.051998+00:00,2026-10-02,dashboard,HAR,HAR.JO,287.16,-0.91,-0.0095641887908328,0.0119185565744492,0.0168689342890502,1,0.0065454733006772,0.0076479854102135,LONG,LONG,gdx_up,Filters OK,0.005,0.0005362523508991,-0.6843730758379635,0.6416872179479478,3540,2026-10-01,0.01472971106179,2026-10-05,2026-10-05,292.39,1.82,ZAR,LONG,LONG,LONG,SHORT,0.0,-0.0033836257973471357,-0.3377907786599854,1.472971106179,-0.018113336859137137,-1.8107618848389855,0.0,0.0
2026-10-05T11:11:51.051998+00:00,2026-10-02,dashboard,PAN,PAN.JO,26.81,0.45,-0.0095641887908328,0.0119185565744492,0.0168689342890502,1,0.0001038805189195,0.0030263233388534,LONG,LONG,gdx_up,Filters OK,0.005,0.0019990355782434,-0.0108614040554227,0.2539169336445688,3540,2026-10-01,0.0051292394360165,2026-10-05,2026-10-05,26.94,0.48,ZAR,LONG,LONG,LONG,SHORT,0.0,-0.013896937264382347,-1.3800820589332297,0.51292394360165,-0.01902617670039885,-1.8930060025348796,0.0,0.0
2026-10-05T11:11:51.051998+00:00,2026-10-02,dashboard,SSW,SSW.JO,41.55,-0.72,-0.0095641887908328,0.0119185565744492,0.0168689342890502,1,0.004552168829347,0.0060095576846698,LONG,LONG,gdx_up,Filters OK,0.005,-2.292258335007205e-05,-0.4759597420024,0.5042185810950429,1606,2026-10-01,0.0105388039306668,2026-10-05,2026-10-05,42.7,2.77,ZAR,LONG,LONG,LONG,SHORT,0.0,-0.0036166404701885504,-0.3610108303249149,1.05388039306668,-0.01415544440085535,-1.414891223391595,0.0,0.0
2026-10-05T11:11:51.051998+00:00,2026-10-02,dashboard,ANG,AU,94.92,0.76,-0.0095641887908328,0.0119185565744492,0.0168689342890502,1,0.0009551415200136,3.906381798242807e-05,LONG,FLAT,|forecast| 0.13% < 0.5%,|forecast| 0.13% < 0.5%,0.005,0.000310056890309,-0.0998664435533907,0.0032775628272111,3615,2026-10-01,0.0013042622283051,2026-10-05,2026-10-05,95.2,0.29,USD,LONG,LONG,FLAT,SHORT,0.0,-0.004646204857325399,-0.46354279445790514,0.13042622283051,-0.005950467085630499,-0.5939690172884151,0.0,
2026-10-05T11:11:51.051998+00:00,2026-10-02,dashboard,GFI,GFI.JO,592.02,-1.16,-0.0095641887908328,0.0119185565744492,0.0168689342890502,1,0.0064983165489753,0.0073848872194819,LONG,LONG,gdx_up,Filters OK,0.005,0.0007515655651108,-0.6794425215867687,0.6196125489988829,3540,2026-10-01,0.0146347693335682,2026-10-05,2026-10-05,604.59,2.12,ZAR,LONG,LONG,LONG,LONG,1.0,0.003759688143172901,0.37667646363297447,1.46347693335682,-0.010875081190395298,-1.0868004697238456,1.0,1.0
2026-10-05T11:11:51.051998+00:00,2026-10-02,dashboard,DRD,DRD.JO,40.3,-0.49,-0.0095641887908328,0.0119185565744492,0.0168689342890502,1,0.0052392941960424,0.0064096931610051,LONG,LONG,gdx_up,Filters OK,0.005,0.000651821534162,-0.5478033015266512,0.5377910589228672,3540,2026-10-01,0.0123008088912097,2026-10-05,2026-10-05,41.16,2.13,ZAR,LONG,LONG,LONG,LONG,1.0,0.0004961548104759053,0.04962779156327812,1.23008088912097,-0.011804654080733794,-1.180453097557692,1.0,1.0
2026-10-06T11:01:37.479334+00:00,2026-10-05,dashboard,HAR,HAR.JO,286.19,-0.34,-0.0013222586721131,-0.0041096018640169,-0.0027350685664737,1,0.0009034788474699,-0.0026353687523053,SHORT,FLAT,GDX -0.41% (need >0.5%),GDX -0.41% (need >0.5%),0.005,0.0005309605986897,-0.6832844938170417,0.6412710621386939,3541,2026-10-02,-0.0012009293061455,2026-10-06,2026-10-06,287.51,0.46,ZAR,SHORT,SHORT,FLAT,SHORT,1.0,-0.01691431846478727,-1.6772074495964184,-0.12009293061455,-0.015713389158641768,-1.5571145189818685,1.0,
2026-10-06T11:01:37.479334+00:00,2026-10-05,dashboard,GFI,GFI.JO,594.25,0.38,-0.0013222586721131,-0.0041096018640169,-0.0027350685664737,1,0.0008975345716171,-0.0025453340771246,SHORT,FLAT,GDX -0.41% (need >0.5%),GDX -0.41% (need >0.5%),0.005,0.0007483884456566,-0.6787889469333526,0.6193626928708441,3541,2026-10-02,-0.0008994110598507,2026-10-06,2026-10-06,600.66,1.08,ZAR,SHORT,SHORT,FLAT,LONG,0.0,0.0006056222111994381,0.06058056373579035,-0.08994110598507,0.0015050332710501383,0.15052166972086034,0.0,
2026-10-06T11:01:37.479334+00:00,2026-10-05,dashboard,PAN,PAN.JO,26.44,-1.38,-0.0013222586721131,-0.0041096018640169,-0.0027350685664737,1,1.2849659328713993e-05,-0.0010417010801233,LONG,FLAT,GDX -0.41% (need >0.5%),GDX -0.41% (need >0.5%),0.005,0.0019934771428556,-0.0097179618479483,0.2534798052444656,3541,2026-10-02,0.000964625722061,2026-10-06,2026-10-06,26.68,0.91,ZAR,LONG,LONG,FLAT,SHORT,0.0,-0.009118604216434345,-0.9077155824508298,0.0964625722061,-0.010083229938495345,-1.00417815465693,0.0,
2026-10-06T11:01:37.479334+00:00,2026-10-05,dashboard,DRD,DRD.JO,40.32,0.05,-0.0013222586721131,-0.0041096018640169,-0.0027350685664737,1,0.0007233996022433,-0.0022089925600831,SHORT,FLAT,GDX -0.41% (need >0.5%),GDX -0.41% (need >0.5%),0.005,0.0006483728430237,-0.5470938610577076,0.537519845760426,3541,2026-10-02,-0.000837220114816,2026-10-06,2026-10-06,40.55,0.57,ZAR,SHORT,SHORT,FLAT,SHORT,1.0,-0.002731902853930569,-0.2728174603174649,-0.0837220114816,-0.001894682739114569,-0.1890954488358649,1.0,
2026-10-06T11:01:37.479334+00:00,2026-10-05,dashboard,ANG,AU,94.48,-0.46,-0.0013222586721131,-0.0041096018640169,-0.0027350685664737,1,0.0001315834727584,-1.2915199156666487e-05,LONG,FLAT,GDX -0.41% (need >0.5%),GDX -0.41% (need >0.5%),0.005,0.0003083521863701,-0.099514168848793,0.0031426886554996,3616,2026-10-02,0.0004270204599719,2026-10-06,2026-10-06,94.72,0.25,USD,LONG,LONG,FLAT,SHORT,0.0,-0.009892122077958452,-0.9843355970917567,0.04270204599719,-0.010319142537930351,-1.0270376430889467,0.0,
2026-10-06T11:01:37.479334+00:00,2026-10-05,dashboard,SSW,SSW.JO,41.4,-0.36,-0.0013222586721131,-0.0041096018640169,-0.0027350685664737,1,0.0006271037812445,-0.0020692416283607,SHORT,FLAT,GDX -0.41% (need >0.5%),GDX -0.41% (need >0.5%),0.005,-3.223918216175915e-05,-0.4742670964996371,0.5035138918148576,1607,2026-10-02,-0.0014743770292779,2026-10-06,2026-10-06,41.65,0.6,ZAR,SHORT,SHORT,FLAT,SHORT,1.0,-0.006056953708189907,-0.6038647342995196,-0.14743770292779,-0.004582576678912007,-0.4564270313717296,1.0,
2026-10-07T10:51:38.328421+00:00,2026-10-06,dashboard,SSW,SSW.JO,41.15,-0.6,0.0072628930158167,0.0091096400241488,-0.0007713292325361,1,-0.0034444623652599,0.0045869698972834,LONG,FLAT,|forecast| 0.11% < 0.5%,|forecast| 0.11% < 0.5%,0.005,-3.5106168633687505e-05,-0.4742548675519231,0.5035292157674512,1608,2026-10-05,0.0011074013633898,2026-10-07,2026-10-07,41.14,-0.02,ZAR,LONG,LONG,FLAT,SHORT,0.0,-0.02136885927271732,-2.114216281895509,0.11074013633898,-0.022476260636107123,-2.224956418234489,0.0,
2026-10-07T10:51:38.328421+00:00,2026-10-06,dashboard,HAR,HAR.JO,281.39,-1.68,0.0072628930158167,0.0091096400241488,-0.0007713292325361,1,-0.0049624701231159,0.0058419718938717,LONG,FLAT,|forecast| 0.14% < 0.5%,|forecast| 0.14% < 0.5%,0.005,0.0005265142153988,-0.6832635579663531,0.6412955812068533,3542,2026-10-05,0.0014060159861547,2026-10-07,2026-10-07,276.2,-1.84,ZAR,LONG,LONG,FLAT,SHORT,0.0,-0.05571912133055149,-5.41952450335833,0.14060159861547,-0.057125137316706195,-5.5601261019738,0.0,
2026-10-07T10:51:38.328421+00:00,2026-10-06,dashboard,PAN,PAN.JO,26.2,-0.91,0.0072628930158167,0.0091096400241488,-0.0007713292325361,1,-7.048294414228156e-05,0.0023092531084689,LONG,FLAT,|forecast| 0.42% < 0.5%,|forecast| 0.42% < 0.5%,0.005,0.0019906239133795,-0.0097045273816904,0.2534955390495433,3542,2026-10-05,0.0042293940777061,2026-10-07,2026-10-07,26.18,-0.08,ZAR,LONG,LONG,FLAT,SHORT,0.0,-0.023557760595353784,-2.328244274809166,0.42293940777061,-0.027787154673059884,-2.751183682579776,0.0,
2026-10-07T10:51:38.328421+00:00,2026-10-06,dashboard,GFI,GFI.JO,594.61,0.06,0.0072628930158167,0.0091096400241488,-0.0007713292325361,1,-0.0049299860657557,0.005642149782962,LONG,FLAT,|forecast| 0.15% < 0.5%,|forecast| 0.15% < 0.5%,0.005,0.0007488143216227,-0.6787909521756028,0.6193603444269158,3542,2026-10-05,0.001460978038829,2026-10-07,2026-10-07,608.53,2.34,ZAR,LONG,LONG,FLAT,SHORT,0.0,-0.02343039678896617,-2.315803635996705,0.1460978038829,-0.02489137482779517,-2.461901439879605,0.0,
2026-10-07T10:51:38.328421+00:00,2026-10-06,dashboard,ANG,AU,93.55,-0.98,0.0072628930158167,0.0091096400241488,-0.0007713292325361,1,-0.0007226609014773,2.8773258232697304e-05,SHORT,FLAT,|forecast| 0.04% < 0.5%,|forecast| 0.04% < 0.5%,0.005,0.0003054926257671,-0.0995004194476779,0.0031585505197156,3617,2026-10-05,-0.0003883950174775,2026-10-07,2026-10-07,90.72,-3.03,USD,SHORT,SHORT,FLAT,SHORT,1.0,-0.038130979830217245,-3.741314682869201,-0.03883950174775,-0.037742584812739746,-3.7024751811214514,1.0,
2026-10-07T10:51:38.328421+00:00,2026-10-06,dashboard,DRD,DRD.JO,40.21,-0.27,0.0072628930158167,0.0091096400241488,-0.0007713292325361,1,-0.0039734658480642,0.0048966392329121,LONG,FLAT,|forecast| 0.16% < 0.5%,|forecast| 0.16% < 0.5%,0.005,0.0006478367088016,-0.5470913366630956,0.5375228022107974,3542,2026-10-05,0.0015710100936495,2026-10-07,2026-10-07,40.25,0.1,ZAR,LONG,LONG,FLAT,SHORT,0.0,-0.014529313706839013,-1.4424272569012686,0.15710100936495,-0.016100323800488512,-1.5995282662662187,0.0,
2026-10-08T11:09:13.440059+00:00,2026-10-07,dashboard,ANG,AU,90.05,-3.74,-0.0111434906846845,-0.0317852890108829,-0.0068876132988378,1,0.0011170336146656,-0.0001025459794375,LONG,FLAT,GDX -3.18% (need >0.5%),GDX -3.18% (need >0.5%),0.005,0.0002952301747023,-0.1002409071154805,0.00322620881007,3618,2026-10-06,0.0013097178099305,2026-10-08,2026-10-08,91.33,1.42,USD,LONG,LONG,FLAT,LONG,1.0,0.008073878069933465,0.8106559720153284,0.13097178099305,0.006764160260002965,0.6796841910222784,1.0,
2026-10-08T11:09:13.440059+00:00,2026-10-07,dashboard,GFI,GFI.JO,580.84,-2.32,-0.0111434906846845,-0.0317852890108829,-0.0068876132988378,1,0.0075696381921248,-0.0196880073860344,SHORT,FLAT,GDX -3.18% (need >0.5%),GDX -3.18% (need >0.5%),0.005,0.0007418998468916,-0.6792878826137002,0.6194062724832687,3543,2026-10-06,-0.0113764693470179,2026-10-08,2026-10-08,600.88,3.45,ZAR,SHORT,SHORT,FLAT,LONG,0.0,0.024539752468004158,2.484333034914954,-1.1376469347017901,0.03591622181502206,3.621979969616744,0.0,
2026-10-08T11:09:13.440059+00:00,2026-10-07,dashboard,DRD,DRD.JO,39.63,-1.44,-0.0111434906846845,-0.0317852890108829,-0.0068876132988378,1,0.0061000890240613,-0.0170862618746533,SHORT,FLAT,GDX -3.18% (need >0.5%),GDX -3.18% (need >0.5%),0.005,0.000643364264718,-0.5474127629006993,0.5375525095525545,3543,2026-10-06,-0.0103428085858739,2026-10-08,2026-10-08,39.92,0.73,ZAR,SHORT,SHORT,FLAT,SHORT,1.0,-0.003032602779044253,-0.3028009084027228,-1.03428085858739,0.007310205806829647,0.7314799501846672,1.0,
2026-10-08T11:09:13.440059+00:00,2026-10-07,dashboard,PAN,PAN.JO,25.59,-2.33,-0.0111434906846845,-0.0317852890108829,-0.0068876132988378,1,0.000114324069156,-0.0080590586407374,SHORT,FLAT,GDX -3.18% (need >0.5%),GDX -3.18% (need >0.5%),0.005,0.0019829050316316,-0.0102592690558926,0.2535468102233748,3543,2026-10-06,-0.0059618295399497,2026-10-08,2026-10-08,25.54,-0.21,ZAR,SHORT,SHORT,FLAT,SHORT,1.0,-0.014564319634923911,-1.445877295818676,-0.59618295399497,-0.008602490094974212,-0.8496943418237061,1.0,
2026-10-08T11:09:13.440059+00:00,2026-10-07,dashboard,HAR,HAR.JO,266.14,-5.42,-0.0111434906846845,-0.0317852890108829,-0.0068876132988378,1,0.0076266496206694,-0.0203871156816253,SHORT,FLAT,GDX -3.18% (need >0.5%),GDX -3.18% (need >0.5%),0.005,0.0005106456536492,-0.6844040019839923,0.6414009850483036,3543,2026-10-06,-0.0122498204073066,2026-10-08,2026-10-08,269.39,1.22,ZAR,SHORT,SHORT,FLAT,LONG,0.0,0.00022541984541474212,0.02254452543772878,-1.22498204073066,0.012475240252721342,1.2475265661683888,0.0,
2026-10-08T11:09:13.440059+00:00,2026-10-07,dashboard,SSW,SSW.JO,40.28,-2.11,-0.0111434906846845,-0.0317852890108829,-0.0068876132988378,1,0.0052932080874201,-0.0160073973117127,SHORT,FLAT,GDX -3.18% (need >0.5%),GDX -3.18% (need >0.5%),0.005,-4.869527843073204e-05,-0.4750044880187375,0.5036102489498191,1609,2026-10-06,-0.0107628845027232,2026-10-08,2026-10-08,40.98,1.74,ZAR,SHORT,SHORT,FLAT,LONG,0.0,0.0044587638892379135,0.4468718967229446,-1.07628845027232,0.015221648391961114,1.5231603469952646,0.0,
2026-10-09T11:08:13.124664+00:00,2026-10-08,dashboard,PAN,PAN.JO,25.22,-1.45,0.0039287574314901,0.0146361322647656,0.0064025353406473,1,-4.0003598308578255e-05,0.0037124340698274,LONG,LONG,gdx_up,Filters OK,0.005,0.0019804389944833,-0.0101822520239956,0.2536485734530113,3544,2026-10-07,0.0056528694660021,2026-10-09,2026-10-09,25.98,3.01,ZAR,LONG,LONG,LONG,LONG,1.0,0.013782458766321703,1.3877874702616921,0.5652869466002101,0.008129589300319602,0.8225005236614821,1.0,1.0
2026-10-09T11:08:13.124664+00:00,2026-10-08,dashboard,HAR,HAR.JO,266.2,0.02,0.0039287574314901,0.0146361322647656,0.0064025353406473,1,-0.0026892961090485,0.0093854697106407,LONG,LONG,gdx_up,Filters OK,0.005,0.0005142218746686,-0.684515691269986,0.6412534090877863,3544,2026-10-07,0.0072103954762608,2026-10-09,2026-10-09,277.0,4.06,ZAR,LONG,LONG,LONG,LONG,1.0,0.02804043186172479,2.8437265214124707,0.72103954762608,0.02083003638546399,2.122686973786391,1.0,1.0
2026-10-09T11:08:13.124664+00:00,2026-10-08,dashboard,GFI,GFI.JO,595.27,2.48,0.0039287574314901,0.0146361322647656,0.0064025353406473,1,-0.0026700206226436,0.0090594936578657,LONG,LONG,gdx_up,Filters OK,0.005,0.0007521957886765,-0.6796094361139795,0.6189814012322838,3544,2026-10-07,0.0071416688238986,2026-10-09,2026-10-09,620.59,4.25,ZAR,LONG,LONG,LONG,LONG,1.0,0.03358231783418343,3.4152569422279067,0.71416688238986,0.026440649010284832,2.7010900598380467,1.0,1.0
2026-10-09T11:08:13.124664+00:00,2026-10-08,dashboard,ANG,AU,90.78,0.81,0.0039287574314901,0.0146361322647656,0.0064025353406473,1,-0.0003940562293985,4.60602067826481e-05,SHORT,FLAT,|forecast| 0.01% < 0.5%,|forecast| 0.01% < 0.5%,0.005,0.0002971294083248,-0.1003004731827013,0.0031470203978363,3619,2026-10-07,-5.086661429105008e-05,,,,,,SHORT,SHORT,FLAT,,,,,-0.005086661429105008,,,,
2026-10-09T11:08:13.124664+00:00,2026-10-08,dashboard,DRD,DRD.JO,39.51,-0.3,0.0039287574314901,0.0146361322647656,0.0064025353406473,1,-0.0021509090871806,0.0078664239528205,LONG,LONG,gdx_up,Filters OK,0.005,0.0006454598485411,-0.5474782102708894,0.5374660334108793,3544,2026-10-07,0.006360974714181,2026-10-09,2026-10-09,40.86,3.42,ZAR,LONG,LONG,LONG,LONG,1.0,0.030411117237021914,3.087825866869154,0.6360974714181,0.024050142522840913,2.451728395451054,1.0,1.0
2026-10-09T11:08:13.124664+00:00,2026-10-08,dashboard,SSW,SSW.JO,40.46,0.45,0.0039287574314901,0.0146361322647656,0.0064025353406473,1,-0.0018666517611498,0.0073650889905528,LONG,LONG,gdx_up,Filters OK,0.005,-3.891582577381944e-05,-0.475125225647191,0.5032127926503657,1610,2026-10-07,0.0054595214036292,2026-10-09,2026-10-09,41.83,3.39,ZAR,LONG,LONG,LONG,LONG,1.0,0.015937569170187644,1.6065249629263478,0.54595214036292,0.010478047766558444,1.0605728225634279,1.0,1.0
